wordStem,wordClass,valence,arousal
aal,N,-0.5,2.380952381
aas,N,-2.1,2.631578947
abart,N,-1.6,3.277777778
abbau,N,-1,3
abbauen,V,-0.8,2.105263158
abbild,N,-0.2,2.105263158
abbruch,N,-0.7,2.904761905
abdanken,V,-0.4,2.666666667
abdruck,N,-0.1,2.235294118
abend,N,1.65,1.833333333
abendrot,N,2.4,2
abends,A,1,2.052631579
abfahrt,N,0.3,3.117647059
abfall,N,-1.7,2.411764706
abflug,N,0.7,3.142857143
abfuhr,N,-1.35,3.55
abgang,N,-0.95,2.315789474
abgas,N,-2.05,2.882352941
abgeben,V,-0.029411765,2.19047619
abgrund,N,-1.4,3.882352941
abhang,N,-0.5,3.352941176
abhauen,V,-0.9,3.210526316
abhilfe,N,0.8,2.157894737
abitur,N,0.8,3.952380952
abkehr,N,-0.6,2.80952381
ablauf,N,0,2.105263158
ableger,N,0.1,2.222222222
ablehnen,V,-0.941176471,3.047619048
abmagern,V,-1.2,2.315789474
abort,N,-0.9,2.380952381
abreise,N,-0.3,3.294117647
absage,N,-2,3.368421053
absatz,N,-0.088235294,2.235294118
abscheu,N,-2.1,4.058823529
abschied,N,-2.1,3.238095238
abseits,A,-1.1,2.842105263
absender,N,0,2.117647059
absicht,N,0.6,2.578947368
abstand,N,-0.352941176,1.944444444
abstieg,N,-1.4,2.944444444
absturz,N,-2,4.095238095
absurd,A,-1,3.421052632
abt,N,0.2,1.526315789
abtei,N,0,1.842105263
abteil,N,-0.15,2.117647059
abwasser,N,-1.2,2.5
abweg,N,-0.95,2.523809524
abwehr,N,-0.7,3.19047619
abwurf,N,-0.3,2.941176471
abzug,N,-0.5,2.9375
achse,N,0,2.166666667
achsel,N,-0.45,2.375
achten,V,1.2,2.368421053
achtung,N,0.6,3.619047619
adel,N,-0.3,2.555555556
adeln,V,0.4,2.4
adjutant,N,-0.3,3.176470588
adler,N,1.25,2.444444444
adoption,N,0,2.888888889
adressat,N,0.1,2
adria,N,1.4,2.666666667
advent,N,1.05,1.736842105
affe,N,1,3
affekt,N,0,3.625
agent,N,0.45,2.944444444
aggression,N,-1.764705882,4.333333333
agil,A,1,2.315789474
ahnen,V,0.294117647,2.633333333
ahnung,N,0.7,3
ahorn,N,1.3,1.722222222
akademie,N,0.588235294,3.142857143
akribie,N,-0.7,2.421052632
aktie,N,0.6,2.157894737
aktion,N,1,2.944444444
aktiv,A,1.6,3.263157895
aktivität,N,1.705882353,3.315789474
akzent,N,0,3.210526316
alarm,N,-1.4,4.444444444
albern,A,-0.2,3.052631579
album,N,0.8,2.476190476
alkohol,N,-0.1,3.5
allee,N,1.2,1.333333333
allein,A,-1.8,2.45
alltag,N,-0.1,2.25
almosen,N,-0.8,2.666666667
alpdruck,N,-1.9,3.166666667
alptraum,N,-2.8,4.529411765
altar,N,0.3,2.35
altbau,N,0.7,2.526315789
alter,N,-0.55,2.047619048
altklug,A,-1.1,2.210526316
amateur,N,-0.3,2.5
amboß,N,-0.32,2.32
amerika,N,0.4,3.055555556
ami,N,-0.4,2.714285714
ampel,N,-0.7,2.678571429
ampulle,N,-0.73,3.14
amsel,N,1.15,1.8
amt,N,-0.7,2.526315789
amulett,N,0.9,2.368421053
anbahnen,V,0.2,2.944444444
anbau,N,0.85,1.578947368
anbieten,V,0.676470588,1.736842105
änderung,N,0.352941176,2.833333333
anekdote,N,0.8,2.619047619
anekeln,V,-2.1,3.607142857
anerkennen,V,1.588235294,3
anfall,N,-1.7,3.888888889
anfallen,V,-0.9,3.789473684
anfang,N,0.8,3
anflug,N,0.5,2.473684211
angeben,V,-1.382352941,2.761904762
angebot,N,0.970588235,2.904761905
angehen,V,0.705882353,2.368421053
angeklagte,N,-1.647058824,3.380952381
angel,N,-0.15,2.15
angeregt,A,1.3,3.473684211
angler,N,-0.2,2
angriff,N,-2,4
angst,N,-2.6,4.380952381
anheizen,V,0.5,2.833333333
anker,N,1,1.888888889
anklage,N,-1.5,3.857142857
anklagen,V,-1.3,3.833333333
anklang,N,1.4,1.722222222
anlegen,V,0.205882353,2
anleihe,N,-0.852941176,2.238095238
anlocken,V,0.4,2.433333333
anmut,N,1.8,2.25
anmutig,A,1.9,2.333333333
annahme,N,0.235294118,2.3125
annehmen,V,0.735294118,2.380952381
anomal,A,-1.5,2.315789474
anomalie,N,-1.5,3.666666667
anonym,A,-0.4,2.684210526
anormal,A,-1.4,2.421052632
anpumpen,V,-1.1,2.421052632
anregung,N,1.3,3.111111111
anreiz,N,1.3,3.736842105
anruf,N,1.35,2.833333333
anrufen,V,1.205882353,2.842105263
ansporn,N,1.5,3.277777778
ansprechen,V,0.852941176,2.714285714
anstehen,V,-0.9,2.473684211
anteil,N,0.3,2.3125
antrag,N,0.3,3.058823529
antwort,N,0.941176471,2.684210526
antworten,V,0.970588235,2.157894737
anwalt,N,-0.2,2.894736842
anwidern,V,-2,3.526315789
anzahl,N,0.2,1.705882353
apathie,N,-1.6,3.333333333
apfel,N,1.2,1.833333333
appetit,N,1.1,2.722222222
applaus,N,1.8,3.588235294
aquarium,N,0.59,1.36
arbeit,N,0.05,2.833333333
arbeiten,V,-0.058823529,2.684210526
arbeiter,N,-0.235294118,2.222222222
archiv,N,0.45,1.894736842
arg,A,-1.2,2.526315789
ärger,N,-1.9,3.944444444
ärgernis,N,-1.9,3.789473684
argwohn,N,-1.3,3.444444444
armee,N,-2.1,4
armut,N,-1.95,3.333333333
aroma,N,1.4,2.157894737
arrest,N,-2,3.764705882
arroganz,N,-1.9,3.611111111
arsch,N,-1.1,4
arsen,N,-2,3.388888889
arsenal,N,-0.9,2.285714286
arzt,N,0.088235294,2.777777778
asche,N,-1,2.857142857
aschfahl,A,-1.9,1.894736842
aschgrau,A,-1.4,1.631578947
askese,N,-0.4,2.625
asket,N,-0.7,2
asozial,A,-2.4,2.526315789
asyl,N,-0.3,3.388888889
atemnot,N,-2.2,4.4375
atlas,N,0.95,2.333333333
atmung,N,1.9,2.470588235
atombombe,N,-2.794117647,4.421052632
attentat,N,-2.4,4.705882353
aufatmen,V,1.5,2.277777778
aufbau,N,0.55,2.285714286
aufbauen,V,1,2.421052632
aufbruch,N,0.9,3.238095238
aufenthalt,N,0.764705882,2.571428571
auffordern,V,-0.117647059,3
aufgabe,N,0.411764706,2.777777778
aufgeben,V,-1.470588235,2.210526316
aufhalten,V,-0.411764706,2.157894737
aufhören,V,-0.558823529,2.142857143
aufleben,V,1.8,2.888888889
aufnahme,N,0.676470588,2.714285714
aufnehmen,V,1.029411765,2.368421053
aufpreis,N,-1.4,2.705882353
aufsatz,N,0.1,2.388888889
aufseher,N,-0.9,2.578947368
aufstand,N,-1.2,3.944444444
aufstieg,N,1.8,3.294117647
auftrag,N,0.7,2.821428571
auftreten,V,0.029411765,2.714285714
aufwind,N,1.3,2.611111111
aufzucht,N,0.3,2.611111111
auge,N,1.117647059,2.055555556
august,N,1.5,2.210526316
ausbaden,V,-1.3,2.421052632
ausbau,N,0.617647059,1.631578947
ausbildung,N,1.147058824,3.380952381
ausblick,N,1,2.222222222
ausbruch,N,-0.7,3.476190476
ausdauer,N,1.6,2.235294118
ausfall,N,-1.2,3.055555556
ausflug,N,1.5,2.6875
ausgabe,N,-0.264705882,2.333333333
ausgeben,V,-0.323529412,2.5
auskunft,N,0.5,2.117647059
auslesen,V,0.264705882,2.157894737
ausmaß,N,-0.411764706,2.5625
ausnahme,N,0.205882353,2.944444444
ausreden,V,0.3,2.263157895
aussage,N,0,2.222222222
aussetzen,V,-0.676470588,2.052631579
aussicht,N,1.470588235,2.222222222
ausstieg,N,-0.5,2.882352941
auswahl,N,0.705882353,2.238095238
auswirkung,N,-0.411764706,2.578947368
auswurf,N,-0.9,2.368421053
autark,A,0.6,3
autonom,A,0.8,2.947368421
autorität,N,-0.970588235,3.631578947
aversion,N,-1.7,3.833333333
baby,N,1.9,2.833333333
bach,N,1,1.777777778
bad,N,1.2,2.333333333
bagger,N,0.36,2.45
bahre,N,-1.6,2.789473684
bakterie,N,-1.7,3.5
balance,N,0.9,3
balken,N,0.3,2.111111111
balkon,N,1.35,2.055555556
ball,N,1.5,3.18
ballast,N,-1.1,2.944444444
ballon,N,1.35,2.277777778
balsam,N,1.3,1.315789474
baltikum,N,0,2.055555556
banane,N,1.32,1.95
bandit,N,-0.95,2.578947368
bank,N,-0.235294118,2.277777778
bankrott,A,-2.3,2.789473684
banner,N,0,2.8125
bar,N,0.823529412,3.157894737
barbar,N,-1.05,3.75
bargeld,N,1.8,2.941176471
barriere,N,-1.3,3.333333333
barsch,N,-1.3,2.947368421
basis,N,0.35,1.722222222
bastard,N,-1.5,3.833333333
batterie,N,-0.14,1.91
bauen,V,0.911764706,2.333333333
bauer,N,0.15,1.833333333
baum,N,1.5,1.5
bazille,N,-1.7,3.5
beachten,V,0.7,2.894736842
beamte,N,-1.411764706,2.333333333
beantragen,V,-0.852941176,2.666666667
beben,V,-1.2,4
becher,N,0.55,1.714285714
bedarf,N,-0.264705882,2.352941176
bedauern,V,-1,2.526315789
bedenken,N,0.176470588,2.722222222
bedeuten,V,1.029411765,2.631578947
bedeutung,N,0.941176471,2.857142857
bedienen,V,-0.5,2.214285714
bedingung,N,-0.911764706,2.578947368
bedrohen,V,-2.029411765,4
bedürfen,V,-0.294117647,2.315789474
bedürfnis,N,0.382352941,3.476190476
beenden,V,-0.558823529,2.666666667
befallen,V,-1.4,3.333333333
befangen,A,-1.2,2.631578947
befehl,N,-2,3.75
befinden,N,0.323529412,2.277777778
befreien,V,1.941176471,3.222222222
befreier,N,1.3,2.833333333
befreiung,N,2.205882353,3.380952381
befugnis,N,0.7,2.761904762
befund,N,-0.15,2.9
befürchten,V,-1.411764706,3.095238095
begabung,N,2.2,2.625
begegnen,V,1.382352941,3.142857143
begegnung,N,1.558823529,2.785714286
begeistern,V,2.147058824,3.5
begierde,N,0.2,3.722222222
beginn,N,1.3,2.789473684
begleiten,V,1.235294118,2.761904762
begnadet,A,1.7,2.411764706
begraben,V,-2.1,3.555555556
begreifen,V,1.088235294,2.904761905
begründen,V,0.382352941,2.523809524
begrüßen,V,1.5,2.380952381
behandeln,V,0.382352941,2.421052632
behandlung,N,-0.441176471,2.833333333
behaupten,V,-0.323529412,2.380952381
behörde,N,-1.529411765,3.055555556
behutsam,A,1.2,1.684210526
beichte,N,-0.2,2.823529412
beifall,N,1.7,2.941176471
beihilfe,N,0.5,3.19047619
beil,N,-1.64,3.59
beileid,N,-2,3.1875
beispiel,N,0.303030303,1.944444444
beitragen,V,1.088235294,2.333333333
bejubeln,V,2.2,3
bekennen,V,0.382352941,2.761904762
bekommen,V,1.029411765,2.105263158
belastung,N,-1.647058824,3.592592593
beleg,N,-0.3,1.944444444
belegen,V,-0.058823529,2.285714286
beliebt,A,2.4,2.888888889
belohnen,V,1.9,2.5
beneiden,V,-1.2,3.263157895
bengel,N,-0.15,3.263157895
benötigen,V,-0.294117647,2.315789474
benzin,N,-0.8,2.857142857
bequem,A,1.7,1.944444444
beraten,V,0.823529412,2.421052632
beratung,N,0.8,2.421052632
berauben,V,-2.2,3.722222222
bereich,N,0.029411765,1.777777778
bereiten,V,0.558823529,1.947368421
bereuen,V,-0.6,2.789473684
bericht,N,-0.029411765,2.277777778
berichten,V,0.558823529,2.047619048
beruf,N,0.6,2.684210526
berühren,V,1.794117647,2.892857143
beseitigen,V,-0.882352941,2.526315789
besen,N,-0.25,2.05
besetzen,V,-0.617647059,2.666666667
besorgt,A,-1.3,3.157894737
bestätigen,V,0.970588235,2.210526316
besteck,N,0.59,2
bestehen,V,1,2.789473684
bestellen,V,0.647058824,1.894736842
bestie,N,-2.1,4.529411765
bestimmen,V,-0.470588235,2.473684211
bestimmung,N,0.147058824,3
bestreiten,V,-0.970588235,2.684210526
besuch,N,1,2.722222222
besuchen,V,1.441176471,2.761904762
besucher,N,1,2
beteiligen,V,0.588235294,2.421052632
betonen,V,0.588235294,2.333333333
betrachten,V,0.676470588,2.142857143
betrag,N,-0.15,2.35
betragen,V,-0.382352941,1.894736842
betreffen,V,-0.151515152,2.421052632
betrieb,N,-0.235294118,2.111111111
betrug,N,-2.05,3.8
bett,N,2,2.166666667
betteln,V,-1.5,3.111111111
beule,N,-1.4,3.2
beutel,N,0.6,1.421052632
bewahren,V,0.882352941,2.421052632
bewähren,V,0.470588235,2.333333333
bewegen,V,1.352941176,2.631578947
bewegung,N,1.617647059,3.294117647
beweis,N,0.6,2.368421053
beweisen,V,0.205882353,2.761904762
bewerber,N,0,2.647058824
bezahlen,V,-0.529411765,2.535714286
bezeichnen,V,0.323529412,2
beziehung,N,1.617647059,3.666666667
bibel,N,0.5,2.904761905
biber,N,1,1.894736842
biene,N,1.15,2.388888889
bier,N,0.7,2.894736842
biest,N,-1.6,4.1
bieten,V,0.176470588,2.157894737
bikini,N,1.73,3.36
bilanz,N,-0.705882353,2.433333333
bild,N,1.058823529,1.882352941
bilden,V,1.323529412,2.842105263
bildung,N,1.882352941,2.555555556
billigen,V,-0.4,2.222222222
binden,V,0.382352941,2.684210526
birke,N,1.2,1.421052632
birne,N,1,1.722222222
bischof,N,-0.823529412,2.052631579
bitte,N,0.65,2.857142857
bitten,V,0.382352941,2.619047619
bitter,A,-1.3,2.526315789
blamage,N,-1.8,3.888888889
blase,N,-0.7,2.210526316
blei,N,-0.617647059,1.894736842
bleiben,V,0.823529412,1.789473684
blick,N,1.264705882,2.277777778
blitz,N,0.5,3.904761905
blondine,N,0.6,2.631578947
blume,N,2.15,1.6875
bluse,N,0.68,2.41
blut,N,-0.882352941,3.666666667
blüte,N,2.32,1.91
blutig,A,-1.8,4.35
bluttat,N,-2.8,4.277777778
boden,N,0.05,1.555555556
bodenlos,A,-1.6,3.555555556
bogen,N,0.8,1.947368421
bohne,N,0.65,1.578947368
bohrer,N,-0.15,3.15
bombe,N,-2.5,4
bomber,N,-2.25,4.25
bonbon,N,1.7,2.125
boot,N,1.05,2.82
börse,N,-0.647058824,2.052631579
borste,N,-0.35,2.75
boshaft,A,-1.9,3.944444444
botschaft,N,0.735294118,3.285714286
brauchen,V,-0.235294118,2.789473684
brause,N,0.8,2.368421053
braut,N,1,2.833333333
brechen,V,-1.323529412,3.142857143
brennen,V,-1.529411765,3.464285714
brezel,N,1.64,2.23
brief,N,1.5,2.222222222
brigade,N,-1.264705882,2.666666667
brillant,A,2.2,3.166666667
brille,N,-0.65,2.210526316
britisch,A,0.6,2.052631579
bronze,N,0.7,2.666666667
brot,N,0.91,1.95
brücke,N,0.82,2.09
bruder,N,1.676470588,2.222222222
brunnen,N,0.55,1.86
brust,N,1.264705882,2.833333333
brutal,A,-2,4.526315789
buch,N,1.911764706,1.888888889
buche,N,1.15,1.368421053
buddha,N,0.82,2.27
bühne,N,1.441176471,2.833333333
bulle,N,-0.6,2.789473684
bullig,A,-0.9,3.789473684
bumerang,N,0.86,3.36
bündnis,N,0.294117647,2.444444444
bunker,N,-1.8,3.45
bunt,A,1.6,2.210526316
burg,N,1.23,3
büro,N,-0.617647059,2.178571429
bursche,N,-0.529411765,2.157894737
bürste,N,0.23,2.05
busen,N,1.85,3.25
butter,N,0.6,1.842105263
cello,N,0.95,2.09
chance,N,2.1,3.176470588
chaos,N,-0.05,4
charakter,N,1.264705882,3.421052632
charme,N,2.3,2.736842105
chef,N,0.2,3.055555556
christus,N,-0.117647059,2.611111111
dachs,N,0.45,2.5
dackel,N,0.27,2.77
dame,N,1,2.277777778
dampfer,N,0.64,2.55
dank,N,1.823529412,2.277777778
danken,V,1.911764706,1.842105263
darlehen,N,-0.7,2.80952381
darm,N,-1.14,2.91
darstellen,V,0.882352941,2.526315789
dasein,N,1.5,2.5
datum,N,0.3,2.1875
dauer,N,-0.85,2.619047619
dauern,V,-0.235294118,2.047619048
daumen,N,0.45,1.75
debatte,N,-0.911764706,3.142857143
decke,N,1.36,1.59
deckel,N,-0.09,1.86
defensiv,A,-0.6,2.473684211
defizit,N,-2,3.333333333
dekadent,A,-2,2.263157895
delikt,N,-1.6,3.411764706
delle,N,-0.9,2.333333333
demokrat,N,0.235294118,2.555555556
demokratie,N,0.617647059,3.263157895
demut,N,-0.9,3.047619048
denker,N,1.8,2.352941176
derb,A,-1.1,2.631578947
dessert,N,1.6,2.176470588
detail,N,0.2,2.3125
deutung,N,0.5,2.411764706
diagnose,N,-0.7,3.619047619
dialekt,N,0.4,2.6875
diamant,N,1.7,2.833333333
dichter,N,1.588235294,2.277777778
dieb,N,-1.8,3.5
diele,N,0.4,1.875
dienen,V,-1.088235294,2.476190476
diener,N,-0.5,2.277777778
dienst,N,-0.764705882,2.142857143
diffus,A,-1.2,2.473684211
diktatur,N,-2.5,4.294117647
dilemma,N,-1.8,3.705882353
ding,N,-0.029411765,1.555555556
diplom,N,1.8,3.470588235
diplomat,N,0.9,2.578947368
dirne,N,-1,2.523809524
diskussion,N,0.029411765,3.368421053
distel,N,-0.55,2.157894737
dogge,N,-0.95,2.571428571
doktor,N,0.8,3.428571429
dokument,N,0.6,2.1
dolch,N,-1.3,4.052631579
dominanz,N,-0.6,3.526315789
donner,N,-0.2,3.947368421
dose,N,-0.18,2
dosis,N,-0.7,3.238095238
dozent,N,0.1,2.578947368
drache,N,0.4,3.444444444
drama,N,0.1,3.888888889
drängen,V,-1.323529412,3.933333333
dreck,N,-1.5,3.526315789
drillen,V,-1.7,3.166666667
dringen,V,-0.823529412,2.789473684
droge,N,-1.25,3.947368421
drohen,V,-2.176470588,3.928571429
drohung,N,-2.1,4.176470588
druck,N,-1.588235294,3.611111111
drücken,V,-0.176470588,2.714285714
duell,N,-0.5,3.666666667
duft,N,1.7,2.388888889
duften,V,1.5,2.444444444
dummheit,N,-1.9,3
durst,N,-1.1,3.45
dusche,N,1.7,2.1875
echse,N,0.3,2.65
effekt,N,0.4,3.315789474
egoismus,N,-1.1,3.722222222
ehe,N,0.647058824,3.19047619
ehelos,A,-0.2,2.473684211
ehre,N,0.911764706,3.095238095
ehrgeiz,N,1.5,3.555555556
ehrlich,A,2.2,2.111111111
ehrung,N,1.15,2.9
eiche,N,1.45,1.722222222
eid,N,0.1,3.526315789
eidechse,N,0.32,2.82
eifel,N,0.6,2.380952381
eifer,N,0.8,3.052631579
eifrig,A,0.8,2.947368421
eigelb,N,0.8,2.333333333
eigenart,N,0.3,2.5
eigentum,N,1.2,2.444444444
eimer,N,0.1,1.647058824
eindruck,N,0.4,2.176470588
einengen,V,-2,3.5
einfall,N,1.5,3.058823529
einfalt,N,-1.2,2.555555556
eingehen,V,0.029411765,2.19047619
einheit,N,1.176470588,2.235294118
einigung,N,1.5,2
einklang,N,1.9,1.529411765
einladen,V,1.676470588,2.533333333
einladung,N,1.647058824,2.6
einnahme,N,0.4,2.444444444
einsam,A,-2.2,3.1
einsatz,N,1,2.764705882
einsetzen,V,0.411764706,2.736842105
einsicht,N,1.090909091,2.111111111
einstellen,V,0.352941176,2.238095238
einsturz,N,-1.7,4.058823529
eintracht,N,0.441176471,1.842105263
eintreten,V,0.147058824,2.142857143
eintritt,N,0.3,2.75
eis,N,1.8,2.789473684
eitel,A,-1.1,3.052631579
ekel,N,-2,4
ekstase,N,2,4.5
elch,N,1,2.91
elefant,N,1.32,2.95
elend,A,-2.1,4.1
embargo,N,-1.7,3.222222222
emotion,N,0.7,3.133333333
empfangen,V,1.147058824,2.761904762
empfehlen,V,1.088235294,2.285714286
empfinden,V,1.5,2.333333333
ende,N,-0.6,2.80952381
enden,V,-0.941176471,2.761904762
endziel,N,0.6,3.80952381
energie,N,2.1,3.470588235
engel,N,2.15,2.222222222
enkel,N,1.25,2.277777778
entdecken,V,1.735294118,3.2
ente,N,0.91,2.41
entfallen,V,-0.676470588,2.368421053
entfernen,V,-0.705882353,2.866666667
entfernung,N,-1.088235294,2.380952381
enthalten,V,-0.352941176,2.19047619
entlassen,V,-1.617647059,3.333333333
entsetzt,A,-1.8,3.555555556
entstehen,V,1.176470588,2.105263158
entwurf,N,0.6,2.052631579
entziehen,V,-1,1.947368421
entzug,N,-1.7,3.444444444
erbe,N,1.1,2.777777778
erbeten,V,0.058823529,2.157894737
erbin,N,0.8,3.285714286
erbitten,V,-0.2,2.722222222
erbse,N,0.6,1.619047619
erdbeben,N,-1.7,4.470588235
erdbeere,N,2.5,2.82
erde,N,1.9,2.444444444
erfahren,V,1.235294118,2.714285714
erfahrung,N,1.735294118,3.421052632
erfassen,V,0.411764706,2.380952381
erfinder,N,1.3,2.666666667
erfolg,N,2.1,3.315789474
erfolgen,V,0.235294118,2.523809524
erfordern,V,-0.970588235,2
erfüllen,V,1.411764706,2.947368421
erfüllung,N,2.058823529,2.285714286
ergänzen,V,0.764705882,2.2
ergeben,V,-0.529411765,2.45
ergebnis,N,0.735294118,2.789473684
ergreifen,V,0.147058824,2.428571429
erhalten,V,0.852941176,2.052631579
erheben,V,0.088235294,2.095238095
erholung,N,2.3,1.294117647
erinnern,V,1.352941176,3
erinnerung,N,1.411764706,2.947368421
erkennen,V,1.235294118,2.80952381
erkenntnis,N,1.764705882,3.428571429
erlauben,V,0.647058824,1.894736842
erleben,V,1.735294118,3.095238095
erlebnis,N,1.3,2.833333333
erledigen,V,0.088235294,3
erleiden,V,-1.941176471,3.733333333
ermitteln,V,-0.294117647,2.5
ernte,N,1.2,2
erotik,N,2.3,4.4375
erreger,N,-1.2,3.888888889
erreichen,V,1.558823529,2.523809524
errichten,V,0.676470588,2.157894737
errichtung,N,0.411764706,2
ersaufen,V,-2.4,3.421052632
ersetzen,V,-0.470588235,2.238095238
erteilen,V,-0.323529412,1.789473684
ertrag,N,1.5,2.315789474
erwarten,V,0.470588235,2.666666667
erwartung,N,0.705882353,3.428571429
erweitern,V,1.176470588,1.947368421
erwerb,N,1.05,2.684210526
erwerben,V,0.852941176,2.263157895
erzählen,V,1.352941176,2.842105263
erzeugen,V,0.941176471,2.571428571
erzeuger,N,0.8,3.052631579
erzeugnis,N,0.470588235,2.380952381
erzfeind,N,-2.5,3.666666667
erzielen,V,0.588235294,2.476190476
esel,N,1.05,2.73
essen,V,1.558823529,3.526315789
essig,N,-0.25,2.611111111
ethik,N,0.9,3.238095238
eule,N,0.64,2.09
euphorie,N,1.4,3.777777778
euter,N,-0.25,2.368421053
ewigkeit,N,1.5,2.222222222
existenz,N,1.6,3.222222222
fabel,N,1.45,2.052631579
fabrik,N,-0.7,2.285714286
fächer,N,0.68,2.14
faden,N,0.2,1.8
fähigkeit,N,1.617647059,3
fahndung,N,-1.1,3.333333333
fahne,N,-0.2,2
fahren,V,0.970588235,2.619047619
fahrer,N,0.55,2.473684211
fahrrad,N,1.55,3
fahrt,N,0.941176471,2.368421053
fall,N,-1.090909091,2.833333333
falle,N,-1.7,4
fallen,V,-1.058823529,2.578947368
fällen,V,-0.705882353,2.095238095
falte,N,-0.45,2
familie,N,1.8,2.277777778
fangen,V,-0.529411765,2.964285714
fantasie,N,2.4,2.888888889
farbe,N,1.6,2.210526316
fasan,N,1,2.05
fasching,N,0,2.777777778
faschismus,N,-2.735294118,4
fassade,N,-0.2,2.222222222
fassen,V,0.058823529,2.052631579
faust,N,-0.823529412,3.210526316
feder,N,1.3,1.666666667
fee,N,2.3,2.444444444
fehde,N,-1.45,3.222222222
fehlen,V,-1.529411765,2.866666667
fehler,N,-1.6,3.19047619
feier,N,2.1,3.4375
feiern,V,2.088235294,3.277777778
feiertag,N,1.9,1.941176471
feigling,N,-1.8,3.352941176
feile,N,0.2,2.421052632
feind,N,-2.147058824,4.15
fenster,N,1.14,1.91
ferien,N,2.6,2.294117647
fernrohr,N,0.77,2.41
fernsehen,N,0.205882353,2.3
ferse,N,0.2,2.125
fessel,N,-1.3,4.05
fest,N,1.852941176,2.888888889
festlegen,V,-0.441176471,2.368421053
festtag,N,2,2.75
festung,N,0.1,3.411764706
fett,N,-1.5,3.5
feucht,A,-0.4,3.45
feuer,N,0.05,3.722222222
feurig,A,0.9,4.157894737
fibel,N,0.4,1.947368421
fichte,N,0.85,1.761904762
fieber,N,-1.8,3.7
figur,N,0.35,2.526315789
film,N,1.5,2.611111111
filmstar,N,1,3.111111111
filter,N,0.1,2.176470588
finale,N,0.9,3.523809524
finden,V,1.352941176,2.526315789
finder,N,0.75,1.894736842
finger,N,0.7,2.105263158
firma,N,0.25,2.444444444
fisch,N,0.36,2.36
flagge,N,0.59,2.5
flamingo,N,1,2.68
flamme,N,0.6,3.315789474
flasche,N,0.45,1.95
flaute,N,-1.05,2.111111111
flegel,N,-0.9,2.368421053
fleisch,N,-0.441176471,3.055555556
flexibel,A,1.7,2.444444444
fliege,N,-0.95,2.157894737
fliegen,V,1.676470588,3.523809524
fließen,V,0.911764706,2.047619048
flirt,N,1.7,4.368421053
floß,N,0.68,3
flöte,N,0.5,2.27
fluch,N,-2.1,3.65
flucht,N,-1.529411765,3.888888889
flüchtling,N,-1.205882353,3.210526316
flughafen,N,0.848484848,3.476190476
flugzeug,N,0.5,3.333333333
flut,N,-0.8,3.619047619
fohlen,N,1.4,2.368421053
föhn,N,0.41,2.27
folge,N,-0.15,2.6
folter,N,-2.8,4.684210526
foltern,V,-2.8,4.444444444
fordern,V,-0.882352941,2.736842105
fördern,V,1.441176471,2.142857143
forderung,N,-0.852941176,2.952380952
förderung,N,1.147058824,2.523809524
form,N,0.352941176,2.222222222
forsch,A,-0.2,3.25
forscher,N,1.088235294,2.666666667
forschung,N,1.058823529,2.80952381
fortsetzen,V,0.852941176,2.333333333
fortuna,N,2.2,2.666666667
foto,N,0.9,3.263157895
fracht,N,0.3,2.6
frage,N,0.15,2.333333333
fragen,V,0.676470588,2.380952381
fraktion,N,-0.764705882,2.263157895
frau,N,1.4,2.5
fräulein,N,-0.352941176,3
fraulich,A,1.5,2.5
freier,N,-1.1,3.444444444
freiheit,N,2.8,4
freitod,N,-2,3.777777778
freizeit,N,2.4,2.882352941
freude,N,2.7,3.411764706
freudig,A,1.9,2.944444444
freudlos,A,-2.2,2.368421053
freuen,V,2.205882353,3.107142857
freund,N,2.558823529,2.052631579
frevel,N,-1.7,3.444444444
friede,N,2.4,1.4
frieden,N,2.529411765,1.611111111
friedhof,N,-1.6,3.166666667
frist,N,-1.2,3.19047619
frisur,N,0.75,2.714285714
froh,A,1.8,2.277777778
fromm,A,0.4,2.3
front,N,-1.647058824,3.5
frosch,N,-0.09,2.82
frühjahr,N,2.029411765,2.444444444
fuchs,N,-0.18,3.5
fühlen,V,2,3.473684211
führer,N,-2.176470588,3.888888889
führung,N,-0.470588235,2.444444444
füllen,V,0.529411765,2.107142857
füller,N,0.73,2.32
fund,N,1,2.666666667
funke,N,0.65,3.105263158
funktionär,N,-1.411764706,2.210526316
furcht,N,-2.2,4.421052632
fürchten,V,-1.647058824,3.857142857
fusion,N,0.8,2.571428571
futter,N,0.85,2.368421053
gabel,N,0.3,2.111111111
galgen,N,-2.2,4.117647059
galle,N,-1.6,2.823529412
ganove,N,-1.4,3.65
gans,N,0.19,2.86
garaus,N,-1.75,3.333333333
garten,N,1.8,1.611111111
gas,N,-1.470588235,3.380952381
gast,N,1.411764706,2.277777778
gatte,N,0.7,3.047619048
gauner,N,-1.35,3.6
gebein,N,-1.15,2.722222222
gebet,N,0.75,2.714285714
gebiet,N,0.1,2.315789474
gebot,N,0.2,2.777777778
geburt,N,1.9,4.176470588
geburtstag,N,1.911764706,3.142857143
gedanke,N,1.5,2.611111111
gedenken,V,0.588235294,2.736842105
gedicht,N,0.7,2.947368421
geduld,N,2,1.823529412
gefahr,N,-1.8,4.380952381
gefährden,V,-1.647058824,3.9
gefallen,V,1.529411765,2.392857143
gefängnis,N,-2.264705882,3.052631579
gefühl,N,2.205882353,3.111111111
gegend,N,0.3,1.944444444
gegensatz,N,0.029411765,3.066666667
gegenteil,N,-0.029411765,2.761904762
gegner,N,-1.4,3.619047619
gehalt,N,1.1,2.777777778
geheim,A,-0.6,3.157894737
geheimnis,N,1.117647059,3.80952381
gehen,V,0.411764706,2.315789474
geheul,N,-1.6,3.7
gehirn,N,1.5,3.277777778
gehören,V,0.058823529,2.210526316
geier,N,-0.5,3.176470588
geige,N,1.5,2.59
geisel,N,-2.2,4.35
geist,N,1.1,2.833333333
geiz,N,-1.6,3.611111111
gejammer,N,-1.7,3.222222222
gekicher,N,0,3.111111111
gelaunt,A,0.1,2.555555556
geld,N,1.6,2.944444444
geldgier,N,-1.2,3.833333333
gelenk,N,0.05,2.315789474
geliebte,N,1.5,3.777777778
gelingen,V,1.676470588,2.578947368
gelten,V,0.294117647,2.052631579
gemein,A,-1.9,3.9
gemeinde,N,0.441176471,2.055555556
gemetzel,N,-2.3,4.333333333
gemse,N,0.7,1.857142857
gemüse,N,1.32,1.82
general,N,-1.352941176,2.833333333
genial,A,2.4,3.5
genie,N,1.9,3.705882353
genießen,V,2.323529412,2.133333333
genosse,N,-0.794117647,2.761904762
gerede,N,-1.1,3.05
gericht,N,-0.939393939,3.428571429
geruch,N,0,2.684210526
gesang,N,1.85,2.05
geschehen,N,0.264705882,2.523809524
geschenk,N,2.3,3.470588235
geschichte,N,0.764705882,2.714285714
geschrei,N,-1.5,3.941176471
gesetz,N,-0.9,2.684210526
gesicht,N,1,2.666666667
gesindel,N,-1.4,3.111111111
gespräch,N,1.441176471,2.666666667
gestalten,V,1.411764706,2.133333333
gestaltung,N,1.147058824,2.476190476
gestank,N,-2.1,3.588235294
geste,N,1.05,2.111111111
gestehen,V,-0.058823529,3.142857143
gesund,A,2.7,1.631578947
gesundheit,N,1.970588235,2.233333333
gewalt,N,-2.7,4.380952381
geweih,N,0.09,2.62
gewicht,N,-0.970588235,3.333333333
gewinn,N,2.1,3.882352941
gewinnen,V,1.676470588,3.210526316
gewissen,N,0.7,3.315789474
gewitter,N,0.6,3.631578947
ghetto,N,-1.7,4.05
giebel,N,0.2,2.157894737
gierig,A,-1.5,3.947368421
gift,N,-2.5,4
giftgas,N,-3,4.222222222
gigant,N,0.35,3.789473684
giraffe,N,1.36,2.82
girlande,N,1.36,2.91
gitarre,N,1.91,3
gitter,N,-0.7,2.619047619
glanz,N,1.8,2.611111111
glas,N,0.64,1.77
glaube,N,0.8,3.105263158
glauben,V,1.088235294,2.631578947
globus,N,0.86,2.32
glocke,N,0.64,2.41
glück,N,2.617647059,2.933333333
glut,N,0.5,3.052631579
gnade,N,1,2.25
gold,N,1.4,2.5
gott,N,1.5,2.5
grab,N,-2.3,3.777777778
granate,N,-2.5,4.0625
grandios,A,2.2,3.444444444
gras,N,0.77,1.59
gratis,A,1.5,2.611111111
grausam,A,-2.2,3.888888889
greifen,V,0.088235294,2.133333333
grenze,N,-0.2,3
greuel,N,-2.15,3.875
grinsen,V,0.9,3.210526316
großmacht,N,-1.852941176,3.714285714
grube,N,-0.95,2.523809524
grund,N,0.5,2.315789474
gründen,V,0.970588235,2.315789474
grundlage,N,0.558823529,2.238095238
grundstück,N,0.764705882,2.033333333
gründung,N,0.705882353,2.473684211
gruppe,N,0.5,2.388888889
gruselig,A,-1.5,3.736842105
gruß,N,1.441176471,1.684210526
gummi,N,0.45,2.333333333
gurgel,N,-1.45,2.722222222
gurke,N,0.8,1.619047619
gurt,N,0.5,1.95
gürtel,N,-0.05,2.23
gutartig,A,2,1.944444444
guttun,V,2,1.578947368
habgier,N,-1.7,3.722222222
hafen,N,1.15,2
hafer,N,0.75,1.473684211
haftung,N,-0.9,2.842105263
hagel,N,-1.1,3
hahn,N,0.41,2.23
hai,N,-0.5,3.333333333
halbtot,A,-2,2.789473684
halle,N,0.2,2.055555556
halunke,N,-1.4,3.5
hammer,N,-0.32,3
hamster,N,0.86,2.41
hand,N,1.205882353,1.777777778
handikap,N,-1.3,3.111111111
hanf,N,-0.3,2.333333333
hängen,V,-0.823529412,2.526315789
hantel,N,-0.27,2.5
harfe,N,1.45,1.5
harmonie,N,2.5,1.764705882
hase,N,1.64,2.82
hassen,V,-2.5,4.444444444
haube,N,-0.1,2.157894737
haus,N,1.264705882,1.833333333
hausfrau,N,0,2.277777778
haushalt,N,-0.1,2.0625
haustier,N,1.2,2.222222222
hebel,N,0.35,2.25
heben,V,0,2.142857143
hefe,N,0.32,1.82
hehlerei,N,-1.4,3.444444444
heide,N,1,1.611111111
heilfroh,A,2.2,2.277777778
heilung,N,2.6,2.352941176
heimat,N,1.7,1.8125
heimkehr,N,1.2,2.722222222
heirat,N,1.05,3.277777778
heiraten,V,1.382352941,3.789473684
heißen,V,0.617647059,2.142857143
heiter,A,1.8,2.65
heizung,N,1.14,1.82
held,N,2.1,3.5
helfen,V,2,3.095238095
helfer,N,1.9,2.421052632
hemd,N,0.68,1.95
hemmnis,N,-1.7,3
henker,N,-2.35,4.235294118
henne,N,0.25,2.058823529
herbst,N,1.1,1.65
herd,N,0.91,2.64
herde,N,0.35,2.388888889
hering,N,-0.05,2.157894737
heroisch,A,0.7,2.894736842
herr,N,-0.294117647,2.555555556
herrschaft,N,-1.941176471,3.157894737
herrschen,V,-1.911764706,3.285714286
herstellen,V,0.676470588,2.052631579
herz,N,2.3,3.277777778
herzlos,A,-2.5,2.263157895
hetzen,V,-1.4,3.947368421
hetzer,N,-1.95,3.833333333
heucheln,V,-1.9,3.888888889
heulen,V,-1.7,3.85
hexe,N,-0.7,3.142857143
hilfe,N,1.3,3
hilflos,A,-1.8,4
himbeere,N,1.95,2.5
himmel,N,2.25,1.65
hinweis,N,0.5,2.470588235
hirsch,N,0.68,2.86
hirse,N,0.4,1.611111111
hirte,N,0.85,2.210526316
hitze,N,-0.75,3.789473684
hobby,N,2.2,2.875
hobel,N,0.3,2.117647059
hochmut,N,-1.4,3.277777778
hochschule,N,0.794117647,3.380952381
hochzeit,N,1,3.5
hocker,N,0.14,1.95
hoffen,V,1.647058824,2.392857143
hoffnung,N,2.2,2.611111111
höhe,N,0.5,3.263157895
höhepunkt,N,1.735294118,4.095238095
holen,V,0.176470588,2
honig,N,1.8,1.5625
horde,N,-1.2,3.2
hormon,N,0.15,3.25
hornisse,N,-1.86,3.73
horoskop,N,-0.1,2.888888889
horror,N,-2.15,4.388888889
hose,N,0.77,2
hotel,N,1.15,2.5
huhn,N,-0.09,2.43
human,A,1.9,2.05
hummer,N,-0.09,2.55
humor,N,2.15,3.8125
humorlos,A,-2.1,2.263157895
hunger,N,-0.6,3.631578947
hupe,N,-0.82,3.45
hure,N,-1.3,3.777777778
hypnose,N,0,3.166666667
hypothek,N,-1.6,3.055555556
ideell,A,1.2,2.473684211
idiot,N,-2,3.176470588
idylle,N,2.5,1.823529412
igel,N,0.73,2.55
iglu,N,0.64,2.68
illegal,A,-2,3.526315789
imker,N,1,2.166666667
impfung,N,-0.1,2.833333333
import,N,0.55,1.842105263
impuls,N,1,3.631578947
industrie,N,-0.647058824,2.523809524
inferno,N,-1.8,4.277777778
inhalt,N,0,2.25
initiative,N,1.411764706,3.315789474
insekt,N,-0.45,3
insel,N,2.05,2.166666667
instinkt,N,0.7,3.526315789
instrument,N,1.176470588,3.315789474
intensiv,A,1,3.894736842
interesse,N,1.617647059,3.19047619
intim,A,1.3,3.789473684
intrige,N,-2.2,3.875
irre,A,-1.5,3.777777778
irrlehre,N,-1.6,3.333333333
irrsinn,N,-2.1,4.125
irrtum,N,-1.058823529,3.222222222
islam,N,-0.05,3.055555556
jacke,N,0.68,2.18
japan,N,0.25,2.111111111
jauche,N,-1.9,3.157894737
jawort,N,1,2.842105263
jazz,N,0.8,3.578947368
job,N,1.1,3.476190476
jubel,N,2,3.647058824
jugend,N,1.55,3.294117647
junge,N,0.8,2.80952381
jungfrau,N,0.3,2.294117647
justiz,N,0.1,3.333333333
juwel,N,1.5,2.842105263
kabel,N,-0.3,2.25
käfer,N,-0.68,2.91
kaffee,N,1.4,2.277777778
käfig,N,-1.86,3.27
kakao,N,1.65,1.529411765
kaktee,N,0.27,2.36
kaktus,N,0.5,2.428571429
kalorie,N,-0.8,2.842105263
kamel,N,1.1,2.277777778
kamera,N,1.5,3
kamerad,N,1.5,2.4375
kamin,N,1.65,1.5
kamm,N,0.23,1.91
kammer,N,-0.823529412,2.052631579
kampf,N,-1.6,4.047619048
kämpfen,V,-0.647058824,3.761904762
kampflos,A,-0.6,2.315789474
kanal,N,-0.6,2.19047619
kandidatur,N,-0.352941176,2.8
känguruh,N,1.18,2.95
kanne,N,0.6,1.684210526
kanon,N,0.7,2
kanone,N,-1.77,3.91
kante,N,-0.5,2.611111111
kanzel,N,-0.85,1.947368421
kanzler,N,-1.029411765,2.444444444
kappe,N,-0.1,2.055555556
karaffe,N,0.41,1.95
kargheit,N,-1.4,2.588235294
karriere,N,1.9,3.176470588
karte,N,0.8,2.368421053
kartei,N,-0.5,2
karton,N,0,1.842105263
käse,N,0.95,2.32
kasino,N,0.5,2.473684211
kasperl,N,1.23,2.82
kasse,N,-0.15,2.333333333
kassette,N,0.41,2.09
kastanie,N,0.91,2.14
kater,N,1,2.611111111
katze,N,1.45,2.111111111
kauf,N,0.558823529,3
kaufen,V,0.823529412,3.157894737
kegel,N,0.35,2
kehle,N,-0.15,3.210526316
kehren,V,-0.558823529,2.2
keks,N,1.91,2.36
keller,N,0,2.722222222
kennen,V,1.117647059,2.368421053
kenntnis,N,1.147058824,2.222222222
kerbe,N,-0.2,2.55
kerker,N,-1.9,4.058823529
kerze,N,1.5,1.647058824
kette,N,0.45,2.833333333
ketzer,N,-1.45,3.777777778
keule,N,-1.3,2.944444444
kichern,V,0.7,2.962962963
kiefer,N,0.6,1.842105263
kiesel,N,0.5,1.611111111
killer,N,-2.4,4.294117647
kind,N,1.8,2.444444444
kiosk,N,0.8,2.047619048
kirche,N,0.05,2.333333333
kirsche,N,2.18,2.73
kissen,N,1.65,1.647058824
kiste,N,0.45,1.888888889
kitsch,N,-1.2,2.5
klage,N,-1.55,3.470588235
klang,N,1.3,1.578947368
klären,V,1.058823529,2.761904762
klarheit,N,2.2,2.235294118
klasse,N,0.470588235,2.722222222
klassik,N,0.7,3.052631579
klaue,N,-1.2,3.45
klauen,V,-2,3.631578947
klavier,N,1.91,2.36
klee,N,1.8,1.388888889
klette,N,-0.9,2.263157895
klient,N,-0.2,2.789473684
klima,N,0.25,2.210526316
klinge,N,-1.3,3.684210526
klingel,N,0.14,2.73
klinik,N,-1,3.3
klinke,N,0.23,1.91
klippe,N,0.1,3.388888889
klischee,N,-1,3.380952381
kloster,N,0.058823529,1.833333333
klugheit,N,2.3,2.8125
knabe,N,0.55,2.157894737
knausern,V,-1.2,2.105263158
knebel,N,-1.55,3.95
knebeln,V,-1.5,3.722222222
kneipe,N,1.3,2.444444444
knochen,N,-0.86,2.95
knospe,N,1.65,2.176470588
koalition,N,-0.617647059,2.285714286
kobold,N,0.6,2.473684211
kobra,N,-0.8,3.631578947
koffer,N,0.7,2.315789474
kohle,N,0.15,2.555555556
kohlrabi,N,0.09,2.09
kollaps,N,-1.9,4.222222222
kollege,N,0.705882353,2.619047619
kollektiv,N,0,2.894736842
komet,N,1.1,3.4
komfort,N,2,1.823529412
komik,N,1.45,3.055555556
komisch,A,0.7,2.578947368
komitee,N,-0.823529412,2.666666667
komma,N,-0.35,1.941176471
kommen,V,1.117647059,2.631578947
kommission,N,-1,2.052631579
kommode,N,0.64,1.82
kommunist,N,-0.617647059,2.894736842
kompass,N,0.68,2.55
komplize,N,-1.1,3.444444444
komplott,N,-1.9,3.705882353
kondom,N,0.91,3.45
konflikt,N,-1.6,3.666666667
konkurrenz,N,-1.058823529,3.263157895
konkurs,N,-1.8,3.294117647
können,V,1.676470588,2.736842105
konsequenz,N,-0.558823529,3.476190476
kontakt,N,1.4,2.777777778
konto,N,0.5,3.333333333
kontrolle,N,-1.029411765,2.684210526
konzert,N,1.794117647,2.5
kopflos,A,-1.3,3.105263158
kopie,N,0.05,1.944444444
koran,N,-0.25,3
korb,N,0.41,1.86
korrupt,A,-1.9,3.421052632
kosmetik,N,0.3,2.176470588
kosten,V,-1.529411765,2.952380952
kraft,N,1.382352941,3
kraftlos,A,-1.6,2.722222222
kralle,N,-1,2.684210526
krank,A,-2,3.368421053
krankheit,N,-1.735294118,3.766666667
kranz,N,0.86,2.23
krawatte,N,0.14,2.27
kreativ,A,2.6,2.944444444
kredit,N,-1.235294118,3.277777778
kreide,N,-0.32,2.09
kreis,N,0.382352941,1.888888889
kreisel,N,0.68,2.86
kreuz,N,0.5,2.421052632
krieg,N,-2.9,4.571428571
kriegen,V,-0.5,3.19047619
krimi,N,0.6,3.263157895
krise,N,-1.9,3.619047619
kritik,N,-0.8,3.428571429
krokodil,N,-0.95,4
krokus,N,1.4,1.9
krone,N,1.15,2.555555556
krücke,N,-1.95,3.45
kruzifix,N,0.6,2.80952381
kuchen,N,1.6,2
kugel,N,0.45,2
kuhle,N,-0.05,1.8
küken,N,1.77,3.05
kult,N,-0.1,2.833333333
kultur,N,1.5,2.421052632
kummer,N,-1.9,3.6875
kümmern,V,1.323529412,1.857142857
kumpan,N,1.15,2.1
kunde,N,0.35,2.3
kündigen,V,-1.088235294,2.894736842
kunst,N,1.823529412,2.444444444
künstler,N,1.794117647,2.888888889
kupfer,N,0.5,1.944444444
kuppe,N,0.05,2.222222222
kürbis,N,0.5,2.36
kurort,N,0.75,2.19047619
kurve,N,0.05,2.823529412
küssen,V,2.617647059,3.178571429
küste,N,2,1.833333333
kutsche,N,1.27,2.45
labil,A,-1.5,3.05
labor,N,-0.15,2.578947368
lächeln,V,2.294117647,2.357142857
lachen,V,2.647058824,2.833333333
ladung,N,0.15,2.764705882
lage,N,-0.058823529,1.833333333
lager,N,0.1,2.111111111
laken,N,0.45,1.894736842
lampe,N,0.85,2.142857143
landschaft,N,2,2.842105263
lanze,N,-0.55,2.619047619
larve,N,-0.4,2.736842105
last,N,-1.676470588,3.388888889
laster,N,-1.05,3.222222222
latein,N,-0.15,2.263157895
laterne,N,1.24,2.19
laube,N,1.3,1.75
lauer,N,-0.6,2.476190476
laufbahn,N,1,2.277777778
laufen,V,0.764705882,2.047619048
lauge,N,-0.4,2.35
laune,N,0.6,3.157894737
launisch,A,-1.9,3.222222222
laut,A,-0.8,3.473684211
lawine,N,-1,4.1
leben,N,2.382352941,2.666666667
lebendig,A,2.5,3.055555556
leblos,A,-2.3,3.5
leder,N,0.5,2.238095238
leere,N,-1.05,2.421052632
legen,V,0.205882353,1.842105263
lehre,N,0.65,2.80952381
lehrer,N,0.05,2.444444444
lehrerin,N,-0.2,2.666666667
lehrhaft,A,0.5,2.444444444
lehrjahr,N,-0.5,2.277777778
lehrling,N,-0.1,2.8125
lehrzeit,N,-0.4,2.388888889
leib,N,0.8,2.80952381
leiche,N,-2.45,4.142857143
leichnam,N,-2.4,3.941176471
leichte,N,0.8,2.095238095
leid,N,-2,4.166666667
leiden,V,-1.941176471,3.833333333
leiern,V,-1.2,1.894736842
leim,N,0,2.111111111
leine,N,0,2.5
leinwand,N,0.4,1.941176471
leisten,V,0.617647059,2.428571429
leistung,N,1.8,3.111111111
leitbild,N,0.3,2.352941176
leiter,N,0.25,2.25
leittier,N,-0.1,2.352941176
lektion,N,-0.4,2.941176471
lende,N,0.7,2.523809524
lenkbar,A,0,2.611111111
lenken,V,-0.029411765,2.333333333
lenker,N,0.32,2
lenkrad,N,0.4,2.0625
lenkung,N,0.5,2.352941176
lenz,N,1.3,1.944444444
leopard,N,1.3,3.333333333
lepra,N,-2.4,4
lerche,N,1.2,1.65
lernbar,A,1.3,2
lernen,V,0.8,2.526315789
lesebuch,N,0.6,2.736842105
leser,N,1.3,2.111111111
lesesaal,N,0,1.333333333
lesung,N,0.4,2
letzte,A,-1.2,3.157894737
leuchte,N,1.3,2.388888889
leuchten,V,1.8,2.5
leugnen,V,-1.7,3.5
leugnung,N,-1.7,3.333333333
leumund,N,-0.6,1.684210526
leute,N,0.75,2.894736842
lexikon,N,0.3,2.5625
liaison,N,1,3.166666667
libelle,N,1.1,1.888888889
liberal,A,1.3,2.157894737
licht,N,2,2.611111111
lichtung,N,1.3,2.111111111
lid,N,0.2,1.842105263
lieb,A,2.2,2.166666667
liebe,N,2.9,3.631578947
liebelei,N,0.9,3.904761905
lieben,V,2.705882353,3.666666667
lieblos,A,-2.3,3.277777778
liebreiz,N,1.7,3.058823529
lied,N,1.6,1.944444444
liefern,V,0.6,2.107142857
liege,N,1.3,1.526315789
liegen,V,0.823529412,2.238095238
lift,N,0.4,2.555555556
lilie,N,1,1.611111111
limit,N,-0.7,3.142857143
limonade,N,1.4,1.666666667
linde,N,1.35,1.444444444
lindern,V,1.3,1.714285714
lineal,N,0.3,2.052631579
linie,N,0.1,1.842105263
linse,N,0.5,1.944444444
lippe,N,1.55,2.333333333
liquide,A,1,1.894736842
list,N,-0.5,3.277777778
liste,N,-0.35,2.4
listig,A,-0.4,3.210526316
litanei,N,-0.5,2.5
liter,N,0.5,1.888888889
literatur,N,1.852941176,3.047619048
lizenz,N,0.2,2.842105263
lob,N,2,2.666666667
lobby,N,0.2,2.526315789
loben,V,1.8,2.25
loblied,N,2,2.235294118
loch,N,-0.9,2.428571429
locher,N,-0.14,1.82
locken,V,0,2.888888889
lodern,V,-0.3,3.111111111
löffel,N,0.59,2.14
logik,N,1.15,2.35
logisch,A,1.2,1.789473684
lohn,N,1.5,2.722222222
lorbeer,N,1.4,2.111111111
lösen,V,1.058823529,2.631578947
lossagen,V,-0.3,2.157894737
losung,N,0,2.764705882
lösung,N,1.529411765,2.388888889
lotse,N,0.65,2.238095238
lotterie,N,0.4,3.222222222
lotto,N,0.25,2.473684211
lotus,N,1.45,1.888888889
löwe,N,0.36,4.05
loyal,A,2.1,2.105263158
luder,N,-1.1,3.75
luft,N,2.2,2.222222222
luftloch,N,-0.6,3.047619048
luftraum,N,0.6,2.105263158
lug,N,-2,2.421052632
lüge,N,-2.117647059,4.055555556
lukrativ,A,1.7,2.5
lump,N,-1.4,2.888888889
lunge,N,0.3,2.777777778
lupe,N,0,2.294117647
lust,N,2.1,3.666666667
lustlos,A,-1.5,2.277777778
lutschen,V,0.6,2.392857143
lutscher,N,1.14,2.59
luxus,N,1.7,2.941176471
lynchen,V,-2.6,4.210526316
lyrik,N,0.7,3.157894737
machen,V,0.735294118,2.526315789
macher,N,1.1,2.95
macht,N,0.1,4.15
machtlos,A,-2,3
mädchen,N,1.323529412,2.666666667
madeira,N,1.4,2.611111111
madonna,N,1,2.555555556
mafia,N,-1.8,4.157894737
magazin,N,0.5,2.352941176
magd,N,-0.3,2.777777778
magen,N,0.5,2.428571429
mager,A,-1.2,3.25
magie,N,0.75,3.210526316
magier,N,1,3.421052632
magisch,A,1.2,2.789473684
magma,N,0,3.052631579
magnet,N,0.6,2.210526316
mahl,N,1.1,2.055555556
mahlzeit,N,1.4,2.111111111
mahnen,V,-1.3,3.055555556
mahnmal,N,-1,3.523809524
mahnung,N,-1.4,3.944444444
mai,N,1.7,2.368421053
maibaum,N,0.8,2.142857143
mais,N,0.9,2.210526316
makaber,A,-1.1,2.947368421
makel,N,-1.5,2.75
makellos,A,1.5,2.833333333
makler,N,-0.4,2.176470588
malaria,N,-2.1,4
maler,N,1.4,2.111111111
malerei,N,1,2.055555556
mama,N,2.3,2.388888889
manager,N,0.7,2.842105263
manege,N,0.6,2.428571429
mangel,N,-1.9,3.0625
mango,N,1.71,2.43
manie,N,-1.25,3.777777778
manko,N,-1.05,2.777777778
mann,N,1.2,2.388888889
mannschaft,N,0.382352941,2.523809524
mantel,N,1.05,1.91
manuell,A,0,2.111111111
mappe,N,0.3,2.111111111
markant,A,0.8,3.105263158
marke,N,0.05,2.222222222
markt,N,0.8,2.380952381
marotte,N,-0.7,2.571428571
marter,N,-2.1,3.444444444
martern,V,-2.2,3.785714286
marxist,N,-0.9,2.473684211
masche,N,-0.85,2.095238095
maske,N,-0.1,3.444444444
massage,N,2.2,1.5625
massaker,N,-2.8,4.611111111
masse,N,-0.8,2.210526316
massiv,A,-0.1,3.15
maßnahme,N,-0.529411765,2.421052632
matratze,N,1.2,2.388888889
matt,A,-1.1,1.578947368
matte,N,0.15,1.722222222
mauer,N,-0.5,2.777777778
maul,N,-1.1,2.944444444
maulen,V,-1.4,3.157894737
maulkorb,N,-1.5,3.5
maus,N,0,3.27
mausgrau,A,-1.4,1.736842105
maximal,A,1.2,2.578947368
maximum,N,1,3.166666667
mechanik,N,0.3,2.294117647
medaille,N,1.6,2.888888889
medizin,N,1.4,2.833333333
meer,N,1.8,2.666666667
mehrheit,N,0.5,2.470588235
meiden,V,-1.1,3
meineid,N,-1.8,3.375
meinen,V,0.558823529,2.315789474
meinung,N,1.5,2.666666667
meise,N,0.6,1.857142857
meister,N,1.1,2.777777778
meistern,V,1.5,2.944444444
melden,V,0.088235294,2.285714286
melodie,N,1.7,2.235294118
melodram,N,-0.9,3.619047619
melone,N,1.82,2.27
menge,N,-0.2,2.722222222
mensa,N,-0.05,2
mensch,N,1.6,2.722222222
menschheit,N,0.941176471,3.210526316
mentor,N,1,1.894736842
mephisto,N,-0.4,3.5
merkmal,N,0,2.5
messer,N,-0.6,3.476190476
metall,N,-0.05,2.65
meter,N,0.15,2.157894737
metzger,N,-0.5,3.333333333
meute,N,-1.25,3.444444444
meuterei,N,-1.6,3.647058824
meutern,V,-1.8,3.789473684
mickrig,A,-1.1,2.210526316
miene,N,0.55,2.904761905
mies,A,-2,3.555555556
miete,N,-1.35,2.473684211
mieten,V,-0.4,2.5
mieter,N,-0.3,2.368421053
mietzins,N,-1.2,2.833333333
mikado,N,0.82,2.59
mikrofon,N,0.59,2.82
milch,N,1.5,1.666666667
milchbar,N,1.1,1.833333333
mild,A,1.1,1.578947368
milieu,N,-0.8,2.526315789
militant,A,-2,3.611111111
miliz,N,-1.95,3.722222222
million,N,1.5,3.277777778
mimik,N,0.75,3.285714286
mimose,N,-1.5,2.526315789
minder,V,-0.9,1.947368421
mine,N,-0.7,3.142857143
minigolf,N,0.4,1.777777778
minimal,A,-0.3,2.388888889
minimum,N,-0.6,2.285714286
minirock,N,1.2,2.888888889
minister,N,-0.1,2.277777778
minus,N,-1,3.052631579
minute,N,0.029411765,2.277777778
mirakel,N,0.6,2.761904762
mischehe,N,-0.5,2.777777778
missetat,N,-2.2,3.222222222
mission,N,0.9,2.631578947
mist,N,-1.5,3.222222222
mitgeben,V,0.1,1.777777778
mitgift,N,0.6,2.863636364
mitglied,N,0,2.222222222
mitleid,N,0,3
mittag,N,1.2,1.75
mitte,N,0.75,2.105263158
mittel,N,0.088235294,2.555555556
mode,N,0.7,3.095238095
moder,N,-1.5,2.894736842
modern,V,0,2.789473684
mogeln,V,-1.1,3.052631579
mögen,V,1.764705882,3.157894737
mohn,N,0.3,2.055555556
mohr,N,0.4,2.333333333
möhre,N,0.91,1.73
mokka,N,1.1,2.4
molch,N,-0.2,2.3
moll,N,-0.2,2.277777778
mollig,A,-0.8,2.631578947
monarch,N,-0.4,2.611111111
monat,N,0.3,2.111111111
mond,N,1.3,1.833333333
mondlos,A,-0.6,1.421052632
monogam,A,0.2,2
monolog,N,-0.7,2.052631579
monopol,N,-1,2.904761905
monoton,A,-1.3,1.842105263
monstrum,N,-1.8,4.352941176
moor,N,0.3,2.777777778
moorbad,N,0.2,1.944444444
moos,N,0.7,1.904761905
moped,N,-0.2,2.631578947
moral,N,-0.1,2.555555556
moralist,N,-0.8,2.736842105
morast,N,-1.1,2.777777778
mord,N,-2.8,4.444444444
morden,V,-2.7,4.388888889
mordfall,N,-2.4,4.222222222
mordtat,N,-2.9,4.277777778
morphem,N,-1,2
morsch,A,-1,2.894736842
mörser,N,-0.45,2.32
moskito,N,-1.4,3.444444444
motiv,N,0.25,2.555555556
motor,N,0.45,2.8
motorrad,N,1.4,2.888888889
motte,N,-1.55,3.05
motto,N,0.6,2.19047619
möwe,N,-0.05,2.91
muffig,A,-1.4,1.736842105
mühe,N,-0.117647059,2.888888889
mumie,N,-0.6,2.842105263
mundraub,N,-1.2,3.388888889
munition,N,-1.8,3.588235294
munkeln,V,-1.1,2.578947368
munter,A,1.7,3.210526316
murmel,N,1.25,1.473684211
murren,V,-1,2.105263158
muschel,N,1.55,2.18
musical,N,1.1,2.555555556
musik,N,2.4,1.85
musikbox,N,1,2.777777778
musiker,N,1.3,2.222222222
muskel,N,1.05,2.86
müssen,V,-1.382352941,2.80952381
mustern,V,-0.6,2.857142857
mut,N,2.1,3.666666667
mutation,N,-1.4,3.5
mutig,A,2.2,3.315789474
mutlos,A,-1.4,2
mutter,N,2.05,2.666666667
mutti,N,1.8,1.75
mystik,N,0.6,3.19047619
mystisch,A,0.3,2.263157895
mythos,N,0.9,3
nabel,N,0.6,2.315789474
nachbar,N,-0.1,2.375
nachfolger,N,-0.176470588,2.428571429
nachmittag,N,1.235294118,2.210526316
nachrede,N,-1.6,3.176470588
nachricht,N,0.617647059,3.052631579
nachruf,N,-0.7,2.642857143
nacht,N,1,2.888888889
nachteil,N,-1.3,3.166666667
nachweisen,V,-0.294117647,2.666666667
nackt,A,0.8,3.842105263
nadel,N,-0.55,2.857142857
nagel,N,0.25,2.666666667
nah,A,0.8,2.526315789
nähe,N,2,2.277777778
nahrung,N,1.9,2.176470588
naiv,A,-0.8,2.315789474
name,N,0.588235294,2.210526316
namenlos,A,-1,1.789473684
namhaft,A,1.1,2.526315789
narbe,N,-1.15,3.421052632
narbig,A,-0.9,2.526315789
narkose,N,-1.2,3.555555556
narr,N,-0.7,2.736842105
naschen,V,1.2,2.684210526
nase,N,0.32,2.32
national,A,0.1,2.473684211
natter,N,-1.15,3.65
natur,N,2.35,1.888888889
nazi,N,-2.9,4.666666667
nazizeit,N,-2.6,4.375
nebel,N,-0.55,2.684210526
neblig,A,-0.7,2.526315789
necken,V,0.6,2.842105263
neffe,N,0.85,2.238095238
negation,N,-1.2,2.722222222
negativ,A,-2.4,3.555555556
neger,N,-0.6,3.523809524
negerin,N,-0.6,3.380952381
nehmen,V,0.088235294,2
neid,N,-1.9,3.555555556
neidisch,A,-1.5,3.833333333
neidlos,A,0.9,1.526315789
neige,N,-0.85,2.142857143
neigen,V,0.088235294,1.928571429
neigung,N,0.4,2.4375
nein,N,-1.6,3.333333333
nelke,N,1.15,1.842105263
nennen,V,0.294117647,2
nett,A,1.8,2.055555556
neubau,N,-0.2,2.25
neugier,N,0.3,3.555555556
neurose,N,-1.9,3.888888889
nichte,N,0.45,2
nicken,V,0.852941176,2
niederlage,N,-1.794117647,3.666666667
niedlich,A,1,1.789473684
niemand,A,-1.1,1.842105263
niere,N,-0.4,2.705882353
niete,N,-1.5,2.8125
nikotin,N,-0.7,3.238095238
niveau,N,1.352941176,2.111111111
nonne,N,-0.45,2.277777778
not,N,-2,3.944444444
notar,N,-0.2,2.333333333
note,N,-0.4,2.833333333
notfall,N,-1.7,4.529411765
notiz,N,0.65,2.052631579
notwehr,N,-1.1,3.777777778
november,N,-0.5,2.166666667
nuckel,N,0.86,2.09
nudel,N,1.55,1.578947368
nuklear,A,-2.1,4
nutzen,V,0.823529412,2.263157895
oase,N,2.2,1.722222222
obhut,N,0.65,2.105263158
objekt,N,0.35,2.263157895
obst,N,1.4,2.111111111
ochse,N,0.1,2.5
ofen,N,1,2.18
offizier,N,-1.352941176,2.944444444
öffnen,V,0.941176471,2.238095238
ohnmacht,N,-1.6,3.444444444
ohrfeige,N,-2,4.3125
omen,N,-0.2,3.333333333
onkel,N,0.95,2.368421053
oper,N,0.735294118,3.095238095
opfer,N,-2.1,3.904761905
opfern,V,-1.4,3.266666667
opium,N,-1.1,3
opposition,N,-0.176470588,3.380952381
optik,N,0.55,2.315789474
optimal,A,2.4,2.722222222
optimist,N,2.1,2.823529412
orakel,N,0.7,2.80952381
orchidee,N,1.68,2.09
orden,N,0.35,2.444444444
ordner,N,-0.23,2.05
ordnung,N,0.9,2.894736842
organ,N,0,2.736842105
orgel,N,0.95,2.476190476
orgie,N,0.3,4.222222222
orkan,N,-1,4.2
osten,N,0.5,2.428571429
osterei,N,1.6,2
ostern,N,1.05,2.111111111
ozean,N,1.9,2.722222222
paar,N,1.764705882,1.944444444
paddel,N,0.55,2.59
paket,N,1.05,2.722222222
pakt,N,-0.6,3.571428571
palast,N,1.7,2.611111111
palme,N,1.6,1.764705882
panda,N,1.45,2.64
panik,N,-1.8,4.578947368
panisch,A,-2.1,4.222222222
panne,N,-1.9,3.588235294
panorama,N,1.5,1.888888889
panther,N,1.4,3.222222222
panzer,N,-2.2,4.235294118
papa,N,1.9,2.5
papagei,N,1.55,3.18
pappe,N,-0.05,1.941176471
paprika,N,1,1.91
papst,N,0.2,2.789473684
paradies,N,2.8,2.294117647
paradox,A,-0.4,2.888888889
parasit,N,-1.8,3.764705882
parfum,N,0.9,3.047619048
parfüm,N,1.77,3
paris,N,1.65,2.555555556
park,N,1.941176471,1.833333333
parlament,N,-0.558823529,2.789473684
parole,N,-0.2,3.105263158
partei,N,-0.6,2.619047619
partisan,N,-0.8,2.736842105
partner,N,2.1,2.5
party,N,2.1,3.705882353
passion,N,0.9,3.105263158
passiv,A,-1.1,1.526315789
paste,N,-0.15,1.944444444
pastor,N,-0.65,2.19047619
pater,N,-0.1,2.166666667
patient,N,-1,2.842105263
pause,N,1.15,1.380952381
pech,N,-2,3.333333333
pedal,N,0.45,2.333333333
pedant,N,-1.05,3.444444444
pegel,N,-0.45,2.5
pein,N,-1.9,3.722222222
peiniger,N,-2.3,4.111111111
peinlich,A,-1.5,3.722222222
peitsche,N,-1,3.666666667
pelz,N,-0.3,2.611111111
pendel,N,0.3,1.894736842
pensum,N,-0.4,2.65
perfekt,A,2.4,3.166666667
perle,N,1.5,2.375
perser,N,0.2,2.7
person,N,0.5,2.055555556
pervers,A,-2.1,3.631578947
pest,N,-2.8,4
pfaffe,N,-1.6,2.333333333
pfanne,N,0.65,1.842105263
pfarrer,N,0.4,2.4375
pfau,N,1.09,2.55
pfeife,N,0.4,2.45
pfeil,N,-1.18,3.1
pferd,N,1.18,3.09
pfiffig,A,1.6,2.444444444
pflaster,N,-0.55,2.91
pflege,N,0.45,2
pflegen,V,0.941176471,2.666666667
pflicht,N,-0.3,2.833333333
pfote,N,0.85,2.714285714
phase,N,0,2.444444444
phonem,N,-0.9,2.052631579
photo,N,1.55,2.529411765
pilger,N,0.15,2.3
pille,N,-0.6,3.523809524
pilot,N,0.6,2.631578947
pilz,N,-0.5,2.73
pinsel,N,0.55,1.966666667
pinzette,N,-0.41,2.41
piranha,N,-1.3,4
pirat,N,-0.2,3.9
piste,N,0.85,2.571428571
pistole,N,-1.5,3.944444444
pizzeria,N,1.4,2.5
plage,N,-2,3.333333333
plagen,V,-1.8,3.3
plagiat,N,-0.8,2.473684211
plakat,N,0.7,2.476190476
plan,N,0.7,2.571428571
planet,N,1.2,2.368421053
planlos,A,-1.7,2.473684211
plantage,N,0.6,2.285714286
planvoll,A,1.2,2.157894737
plappern,V,-0.7,3.2
platin,N,1.3,2.5
platte,N,0.45,2.368421053
platz,N,0.382352941,2.117647059
platzen,V,-0.4,3.566666667
plaudern,V,0.5,2.178571429
pleite,A,-1.9,3.736842105
po,N,0.9,3.684210526
pochen,V,-0.7,2.578947368
poesie,N,1.2,2.277777778
pointe,N,1.5,3.210526316
pokal,N,1,2.722222222
poker,N,0.2,3.222222222
politik,N,-0.882352941,3
polizei,N,-0.2,3.166666667
polizist,N,-0.3,3.588235294
polygam,A,-0.5,2.210526316
pony,N,1.45,2.76
porree,N,-0.18,1.86
portal,N,0.9,2.105263158
porto,N,-0.65,1.789473684
portwein,N,1.1,2.166666667
positiv,A,2.4,2.611111111
potenz,N,1.15,3.631578947
pracht,N,2,3.157894737
prahlen,V,-1.3,3.315789474
praline,N,1.5,2.444444444
pranger,N,-2.1,3.888888889
pranke,N,-0.95,2.714285714
präsident,N,-0.882352941,2.952380952
präsidium,N,-0.941176471,2.157894737
prater,N,0.55,2.523809524
predigen,V,-0.4,2.5
preis,N,0.1,2.611111111
prellung,N,-1.5,3.277777778
premiere,N,0.9,3.19047619
presse,N,-0.4,3.176470588
prima,A,2.7,2.578947368
primitiv,A,-1.4,2.368421053
prinzessin,N,0.970588235,3.473684211
privileg,N,1.1,3
probe,N,0,2.388888889
problem,N,-1.7,3.222222222
produktion,N,0.264705882,2.368421053
professor,N,0.058823529,2.578947368
profi,N,1.4,2.95
profil,N,0.65,2.666666667
profit,N,0.5,3.052631579
prognose,N,0.3,2.882352941
programm,N,0.294117647,2.388888889
promille,N,-0.8,3.380952381
prosten,V,1.1,2.684210526
protest,N,0.088235294,3.666666667
protzen,V,-1.2,3.526315789
prozent,N,-0.088235294,2.277777778
prunk,N,0.6,2.052631579
psyche,N,0.5,3.259259259
psychose,N,-2.1,4.6875
pudel,N,0,1.777777778
puder,N,0.65,1.947368421
pullover,N,1.05,1.82
pulver,N,-0.15,2.842105263
pumpe,N,0.3,2.176470588
punkt,N,0.176470588,1.888888889
puppe,N,0.45,2
purpur,N,1.5,2.65
puste,N,-0.25,2.842105263
putzen,V,-1.4,2.210526316
putzig,A,0.9,2.210526316
quader,N,0.1,1.882352941
qual,N,-2.7,4.111111111
qualität,N,1.647058824,2.277777778
quelle,N,1.5,2.058823529
quote,N,-0.05,2.055555556
rabatt,N,1.35,2.210526316
rabe,N,-0.68,3.09
rache,N,-2.05,4.210526316
rachen,N,-0.9,2.210526316
radar,N,-1.05,2.888888889
radau,N,-1.25,3.611111111
radikale,N,-1.9,3.777777778
rahmen,V,0.176470588,1.842105263
rakete,N,-0.6,3.466666667
rampe,N,0.25,2.722222222
ramsch,N,-0.941176471,2.142857143
rasierer,N,0.23,2.27
rasse,N,-1.25,3.4
rast,N,0.9,1.904761905
rasthaus,N,0.8,2.238095238
rastlos,A,-1.5,3.166666667
ratlos,A,-1.2,2.947368421
ratte,N,-0.95,2.714285714
raub,N,-1.8,3.888888889
raubtier,N,-0.2,3.882352941
rauchen,V,-1.029411765,3.19047619
raucher,N,-0.9,2.894736842
raum,N,0.735294118,2.142857143
raupe,N,-0.15,2.157894737
rausch,N,0,3.473684211
razzia,N,-0.9,3.736842105
realität,N,0.323529412,2.833333333
rebell,N,0.15,4
rechen,N,-0.470588235,2.666666667
rechnen,V,-0.176470588,2.578947368
rechnung,N,-1.6,3.055555556
rede,N,0.235294118,2.625
redner,N,0.5,2.444444444
redselig,A,-0.1,2.5
referat,N,-0.6,3.285714286
reform,N,0.75,3.033333333
regal,N,0.55,2.047619048
regel,N,-0.4,2.5
regen,N,0.323529412,2.055555556
regent,N,0.1,2.9
regentag,N,-0.8,3.333333333
regieren,V,0.3,2.933333333
regierung,N,-0.852941176,2.842105263
regler,N,0.1,2.35
reglos,A,-1.2,2.157894737
regnen,V,-0.1,1.736842105
regung,N,0.75,2.952380952
reiberei,N,-1.4,3.5
reich,A,1.6,2.95
reichen,V,0.617647059,1.789473684
reichtum,N,1.5,3.352941176
reife,N,1.2,1.684210526
reigen,N,1.05,2.105263158
reihe,N,0,1.944444444
reiher,N,0.55,2.095238095
reinfall,N,-1.7,3.277777778
reinheit,N,1.4,2.111111111
reise,N,2.25,3.294117647
reisen,V,2.235294118,3.05
reißen,V,-1.147058824,2.052631579
reiter,N,1,2.555555556
reiz,N,0.4,3.388888889
reizen,V,-0.4,3.8
reizvoll,A,1.6,3.333333333
rekord,N,1.3,3.526315789
rekrut,N,-0.95,2.368421053
rektor,N,-0.9,2.714285714
religion,N,0.5,2.421052632
rennen,V,0.441176471,2.666666667
renner,N,0.55,2.333333333
rente,N,0.25,2.35
republik,N,-0.147058824,2.388888889
retten,V,1.676470588,3.555555556
retter,N,2,3.5625
reue,N,0.1,2.944444444
revier,N,-0.2,2.588235294
revolution,N,0.470588235,4
revolver,N,-2.14,4.14
rheuma,N,-1.9,3
richten,V,-0.852941176,2.761904762
richter,N,-0.823529412,3.523809524
riese,N,0.2,3.052631579
rinde,N,0.35,1.888888889
ring,N,1.411764706,2.777777778
riskant,A,-0.2,3.666666667
ritter,N,0.95,3.047619048
ritze,N,-0.15,2.529411765
rivale,N,-1.5,4.058823529
rivalin,N,-1.4,3.888888889
robbe,N,1.25,1.947368421
robust,A,1.6,2.473684211
rock,N,1,2.77
roggen,N,0.65,1.789473684
rolle,N,0.25,2.111111111
roman,N,1.7,1.888888889
romanze,N,1.7,3.647058824
rose,N,1.5,1.833333333
rosten,V,-1.1,2.55
rotwein,N,1.7,2.5
rubin,N,1.4,2.611111111
rückkehr,N,1.352941176,3.111111111
rücklage,N,0.029411765,2.111111111
rücksicht,N,1.352941176,2.666666667
rudel,N,-0.15,2.277777778
ruder,N,0.4,2.444444444
rufen,V,0.088235294,2.684210526
ruhe,N,1.7,1.666666667
ruhelos,A,-1.4,2.578947368
ruhig,A,0.6,1.631578947
ruhm,N,1.7,2.888888889
ruhmlos,A,-1.4,2.052631579
ruin,N,-2.3,4.125
ruine,N,-0.3,2.55
rummel,N,0.3,3.421052632
rumoren,V,-0.9,2.684210526
runde,N,0.3,1.842105263
russe,N,0.05,3.055555556
rüssel,N,0.64,2.41
rutsche,N,1.18,3.32
rutschig,A,-1.3,3.052631579
sabbern,V,-1.3,2.684210526
sabotage,N,-2,3.722222222
saboteur,N,-2.1,4.055555556
sache,N,0.25,2.157894737
sachlich,A,0.6,1.526315789
sadismus,N,-2.4,4.111111111
safari,N,1.2,3.157894737
saftig,A,1.1,2.526315789
säge,N,-1.09,2.95
sagen,V,0.676470588,2.210526316
sahne,N,1.2,2
salat,N,1.35,1.666666667
salbe,N,0.9,2.210526316
salzig,A,-0.1,3
samstag,N,1.2,2.333333333
sand,N,1.676470588,1.666666667
sandale,N,0.23,2.05
sandwich,N,1.2,2.166666667
sanft,A,1.3,1.8
sanktion,N,-1.4,3.222222222
saphir,N,1.5,3.1
sarg,N,-2.3,4
satan,N,-2.2,4.25
satire,N,0.5,3.380952381
satt,A,1.4,2.105263158
satz,N,0.264705882,1.888888889
sauber,A,1.5,2.055555556
sauer,A,-0.9,3.526315789
saufen,V,-0.9,2.894736842
sauna,N,1.2,2
saxophon,N,1.41,2.86
schabe,N,-1.4,3.263157895
schaden,V,-1.794117647,3.444444444
schaf,N,1.14,1.73
schaffen,N,0.970588235,2.761904762
schaffung,N,1.029411765,2.526315789
schal,N,1.32,2
schale,N,0.65,1.473684211
scham,N,-1.3,3.684210526
schande,N,-1.9,3.764705882
scharf,A,0,4.105263158
schatten,N,-0.352941176,2.444444444
schattig,A,-0.1,2
schatz,N,2.3,3.5
schätzen,V,0.787878788,2.1
schauder,N,-1.5,4.117647059
schauer,N,-1,2.684210526
schaukel,N,1.45,2.86
schaurig,A,-1.3,3.736842105
scheich,N,0,2.388888889
scheiden,V,-2,3.222222222
scheitern,V,-1.941176471,3.678571429
schelm,N,0.8,2.526315789
schelte,N,-1.3,3.444444444
schenken,V,1.852941176,2.964285714
schere,N,0,2.5
scherz,N,1.9,3.25
scherzen,V,1.6,2.833333333
scheu,A,-0.6,1.894736842
scheusal,N,-2.3,3.666666667
schicksal,N,-0.441176471,3.035714286
schieben,V,-0.647058824,2.185185185
schielen,V,-0.9,2.105263158
schießen,V,-2.088235294,3.866666667
schiff,N,0.91,2.64
schikane,N,-1.9,4.058823529
schildern,V,0.294117647,2.166666667
schiller,N,0.9,2.578947368
schimmel,N,-1.1,3.333333333
schimmer,N,0.8,2.421052632
schimpf,N,-1.4,3.166666667
schinden,V,-1.6,3.157894737
schirm,N,0.68,2.36
schlacht,N,-2.2,3.888888889
schlaf,N,1.9,1.105263158
schlafen,V,2,1.642857143
schlaff,A,-1.2,2.315789474
schlag,N,-1.6,3.619047619
schlagen,V,-1.911764706,3.944444444
schlager,N,-0.4,2.444444444
schlampe,N,-1.3,4.055555556
schlapp,A,-1.5,1.736842105
schlau,A,1.6,2.7
schlecht,A,-2.3,3.777777778
schleim,N,-1.4,3.5
schlicht,A,0,1.666666667
schließen,V,-0.617647059,2.333333333
schlimm,A,-1.9,3.666666667
schlinge,N,-1,3.047619048
schloss,N,1.23,2.68
schlucht,N,-0.2,3.555555556
schmerz,N,-1.735294118,4.166666667
schminke,N,1.05,2.36
schmuck,N,1.3,2.555555556
schmutz,N,-1.1,2.888888889
schnaps,N,0,2.944444444
schnecke,N,-0.36,2.24
schnee,N,1.764705882,2.055555556
schock,N,-1.8,4.263157895
schocken,V,-1.4,3.964285714
schonung,N,0.7,1.678571429
schrank,N,0.27,1.77
schraube,N,0,1.86
schreck,N,-1.6,4.166666667
schrei,N,-1.6,4.421052632
schreiben,V,1.470588235,2.571428571
schreien,V,-1.235294118,3.714285714
schrill,A,-0.8,3.526315789
schritt,N,0.911764706,2.315789474
schroff,N,-1.5,3.333333333
schrott,N,-1.2,3
schuft,N,-1.5,3.526315789
schuften,V,-1.2,3.473684211
schuh,N,1,2.05
schuld,N,-1.7,3.571428571
schulden,V,-1.8,3.476190476
schule,N,0.25,2.65
schurke,N,-1.9,3.277777778
schürze,N,-0.64,2.14
schutt,N,-1.2,2.789473684
schütteln,V,-0.529411765,3.214285714
schutz,N,1.7,1.894736842
schützen,V,1.470588235,2.466666667
schwach,A,-1.6,2.611111111
schwäche,N,-0.852941176,2.904761905
schwamm,N,0.14,1.95
schwan,N,1.09,2.32
schwarz,A,0.3,1.947368421
schweben,V,0.8,2.210526316
schweigen,V,-0.264705882,1.733333333
schwein,N,0.59,2.77
schwert,N,-0.82,3.59
schwester,N,1.323529412,1.857142857
schwur,N,0,3.35
see,N,1.823529412,2.142857143
seekrank,A,-2,3.315789474
seele,N,1.8,2.352941176
seenot,N,-2.1,4.058823529
seereise,N,1.5,2.611111111
seerose,N,1.6,1.333333333
segel,N,1.3,1.888888889
segeln,V,1.4,1.833333333
segen,N,1.6,1.55
segnen,V,1.3,1.85
sehen,V,2,2.263157895
seher,N,0.35,2.8
sehne,N,-0.1,2.411764706
sehnen,V,-0.8,3.315789474
seide,N,1.65,1.470588235
seife,N,0.7,1.473684211
seil,N,0.18,2.18
seite,N,0.25,1.888888889
sekt,N,1.2,2.5
sekte,N,-2.2,4.315789474
seltsam,A,-0.3,2.421052632
senat,N,0.1,2.526315789
senken,V,-0.676470588,2
sense,N,-0.9,2.368421053
sensibel,A,0.8,2.368421053
serbe,N,-0.45,3.157894737
sessel,N,1.4,1.777777778
setzen,V,0.235294118,1.952380952
seuche,N,-2.5,4.25
seufzen,V,-1.1,2.473684211
sex,N,2.6,4.333333333
sichel,N,-0.55,2.526315789
sicherheit,N,1.323529412,2.894736842
sichern,V,0.757575758,2.523809524
sicherung,N,0.882352941,2.473684211
sieb,N,0.36,1.82
sieben,V,0.205882353,2.210526316
sieg,N,2.2,3.722222222
siegel,N,0.7,2.476190476
siegen,V,1.117647059,3.473684211
sieger,N,1.75,3.823529412
siesta,N,1.9,1.5
silbe,N,0.15,1.722222222
silber,N,1.45,2.5
silbern,A,1.4,2.421052632
simpel,A,0.4,2.3
sinfonie,N,1.1,2.222222222
singen,V,1.575757576,3.526315789
sinken,V,-1.264705882,3.263157895
sinn,N,1.8,2.166666667
sinnlich,A,1.8,3.222222222
sinnvoll,A,2,1.944444444
sintflut,N,-1.7,4
sippe,N,-0.5,2.444444444
sirup,N,0.85,2.333333333
sitte,N,-0.15,2.555555556
sittsam,A,0.5,1.947368421
situation,N,0.029411765,2.80952381
situiert,A,-0.1,1.944444444
sitzen,V,0.352941176,2
sitzung,N,-0.382352941,2.111111111
skalpell,N,-1.1,3.722222222
skandal,N,-1.3,3.5
skat,N,0,2
skelett,N,-0.3,3.333333333
skepsis,N,-0.7,3.157894737
sklave,N,-2.2,4.315789474
sklavin,N,-1.7,3.944444444
skorpion,N,-0.4,3.222222222
skrupel,N,-0.2,3.277777778
smaragd,N,1.8,2.888888889
snob,N,-1.4,3.111111111
sodom,N,-1.2,3.473684211
sofa,N,1.4,1.611111111
sohle,N,0,1.777777778
sohn,N,1.323529412,2
soldat,N,-1.5,3.875
solist,N,1.25,2.526315789
sollen,V,-1,3
sommer,N,2.5,2.222222222
sonnabend,N,2.088235294,2.904761905
sonne,N,2.6,2.888888889
sonnen,V,2,1.55
sonnig,A,2.4,2.388888889
sonntag,N,1.5,1.882352941
sorge,N,-1.7,3.285714286
sorgen,N,-0.617647059,3.052631579
sorgfalt,N,1.4,2.166666667
sorglos,A,0.3,2.526315789
sorte,N,0.4,2
souvenir,N,1.1,1.888888889
sozialist,N,-0.352941176,3.142857143
spalten,V,-0.7,2.833333333
spannend,A,1.2,3.842105263
spannung,N,0.8,3.285714286
sparen,V,-0.264705882,2.263157895
spargel,N,1.41,2.41
sparsam,A,0.2,2.666666667
spaß,N,2.323529412,3.578947368
spende,N,0.75,2.857142857
spenden,V,1,2.157894737
spesen,N,0.25,2.684210526
spezial,N,0.9,1.894736842
speziell,A,0.7,2.578947368
spicken,V,-0.4,3
spiegel,N,0.86,2.36
spiel,N,1.4,2.388888889
spielen,V,1.705882353,3.052631579
spinne,N,-0.85,3.578947368
spinnen,V,-0.7,2.894736842
spinner,N,-1,3.368421053
spion,N,-0.55,3.666666667
spionage,N,-1.6,3.444444444
spitzel,N,-1.8,4
spontan,A,1.4,3.263157895
sport,N,1.676470588,3.055555556
spott,N,-1.2,3.631578947
sprache,N,1.735294118,2.611111111
sprechen,V,1.205882353,2.523809524
sprengen,V,-0.9,3.684210526
spritze,N,-1.3,3.388888889
spritzig,A,1.6,3.055555556
sprung,N,0.382352941,3.333333333
spucken,V,-1.2,2.894736842
spuk,N,-0.8,2.842105263
spuken,V,-1,3.157894737
spule,N,0.1,2.055555556
spüren,V,1.735294118,2.466666667
spurlos,A,-1,3.105263158
staat,N,-0.529411765,2.894736842
stabil,A,1.4,1.789473684
stachlig,A,-1.1,2.894736842
stamm,N,0.41,1.68
stammeln,V,-1.4,3.166666667
stapeln,V,-0.2,2.277777778
stark,A,1.7,3.578947368
stärke,N,1.794117647,3
stärken,V,1.441176471,2.214285714
starr,A,-0.7,2.315789474
starre,N,-1.3,3.210526316
starren,V,-0.911764706,2.857142857
stau,N,-1.6,3.333333333
staub,N,-1,2.105263158
stauchen,V,-0.6,2.315789474
staunen,V,0.8,3.105263158
steak,N,1.4,2.65
stechen,V,-1.4,3.566666667
steg,N,0.73,2.27
stehen,V,0.205882353,2.105263158
stehlen,V,-2.2,3.611111111
steif,A,-0.7,2.631578947
steigen,V,0.882352941,2
steigern,V,1,2.789473684
steigerung,N,0.911764706,2.857142857
steil,A,-0.7,3.368421053
stein,N,0.23,2
stelle,N,0,2.222222222
stellen,V,-0.264705882,1.857142857
stelze,N,0.18,2.64
stempel,N,-0.05,2
sterben,V,-1.823529412,4.055555556
stereo,N,0.9,2.666666667
steril,A,-0.4,2.4
stern,N,1,2.444444444
steuer,N,-1,2.842105263
stich,N,-0.9,3.619047619
sticheln,V,-1,2.842105263
stiefel,N,0.77,2.23
stier,N,-0.09,3.43
still,A,0.6,1.263157895
stilvoll,A,1.4,2.947368421
stimmung,N,1,2.555555556
stinken,V,-1.9,3.388888889
stoisch,A,0.1,2.444444444
stolpern,V,-1,3.157894737
stolz,N,0.5,3.285714286
storch,N,0.68,2.45
stören,V,-1.647058824,3.428571429
stoßen,V,-0.764705882,1.947368421
stottern,V,-0.6,2.842105263
strafbar,A,-1.7,3.684210526
strafe,N,-2.4,3.761904762
strafen,V,-1.6,3.444444444
straftat,N,-2.2,4
strahlen,V,2.2,2.555555556
strand,N,2.1,1.736842105
strapaze,N,-1.4,3.5
straße,N,0.176470588,2.210526316
strauß,N,1.235294118,2.421052632
strebsam,A,0.9,2.157894737
streich,N,0.1,2.944444444
streichen,V,-0.352941176,2.321428571
streik,N,-0.8,3.80952381
streit,N,-2.2,4.047619048
streng,A,-1.2,3.473684211
strumpf,N,0.45,1.59
stube,N,0.8,1.894736842
studieren,V,1.382352941,2.766666667
stufe,N,0.3,2.15
stuhl,N,0.5,1.82
stumm,A,-0.9,1.526315789
stunde,N,0.25,2.055555556
stur,A,-1.5,3.166666667
sturm,N,-0.1,4.1
sturz,N,-1.6,3.761904762
stürzen,V,-1.617647059,3.357142857
stute,N,0.95,2.333333333
stützen,V,0.882352941,2.047619048
suche,N,0.35,3.1875
suchen,V,-0.058823529,2.761904762
sucht,N,-2.3,4
sumpf,N,-0.8,2.210526316
super,A,2.5,3.35
suppe,N,0.6,2.157894737
symptom,N,-1.2,3.333333333
szene,N,0.25,3.8
tabak,N,0.3,2.722222222
tablett,N,0.23,1.91
tablette,N,-1.32,2.73
tabu,A,-1.3,3.526315789
tadel,N,-1.65,3.470588235
tadellos,A,1.7,2.444444444
tadeln,V,-1.2,3.631578947
tafel,N,0.2,1.882352941
tag,N,0.970588235,2.095238095
tagung,N,-0.558823529,1.894736842
taifun,N,-1.25,3.888888889
taktik,N,0.5,2.722222222
taktvoll,A,1.9,1.833333333
talent,N,2.05,3
taler,N,1.05,2
tampon,N,-0.68,2.23
tandem,N,1,3
tanne,N,1.25,1.6
tante,N,0.8,1.894736842
tanzen,V,1.911764706,3.111111111
tapfer,A,1.7,3.105263158
tarif,N,-0.6,2.428571429
tarnen,V,-0.6,2.466666667
tarnung,N,-0.5,3.222222222
tasche,N,1.27,2.32
tasse,N,0.73,1.82
taste,N,0.35,2.125
tat,N,-0.5,3
tätigkeit,N,0.735294118,2.761904762
tatort,N,-1,3.428571429
tatsache,N,0,2.5
taub,A,-1.7,3.058823529
taube,N,0.75,1.894736842
tauchen,V,0.941176471,2.684210526
taufe,N,0.95,2.421052632
taumel,N,-0.1,3.15
taumeln,V,-1,2.947368421
teddy,N,1.77,1.86
teil,N,0.382352941,1.888888889
teilen,V,1.205882353,2.526315789
teilnahme,N,0.823529412,2.368421053
telefon,N,1.27,2.73
teller,N,0.59,1.59
tempel,N,1,2.222222222
tempo,N,0.4,3.529411765
tendenz,N,0.264705882,2.5
tenor,N,0.85,2.238095238
teppich,N,0.36,1.82
terror,N,-2.25,4.523809524
test,N,-0.3,3
testen,V,-0.2,2.789473684
teuer,A,-1.1,3.4
teufel,N,-1.95,3.476190476
theater,N,0.7,3.736842105
theke,N,0.95,2.523809524
thema,N,0.15,2.222222222
therapie,N,0.2,3.111111111
thriller,N,0.5,3.666666667
thron,N,1,2.736842105
tiefe,N,0.2,3.277777778
tier,N,1.117647059,2.611111111
tiger,N,0.85,3.428571429
tinte,N,0.35,2.058823529
tisch,N,0.5,1.77
titel,N,0.65,1.894736842
toast,N,0.6,2.368421053
toaster,N,0.82,1.68
toben,V,-1.1,3.631578947
tochter,N,1.676470588,2.277777778
tod,N,-2.8,4.055555556
todfeind,N,-2.7,4.529411765
toilette,N,-0.68,2.36
tolerant,A,2,2.333333333
toleranz,N,2.3,2.647058824
toll,A,2,3.055555556
tomate,N,0.95,2.18
ton,N,0.941176471,2.476190476
tonfall,N,0,2.941176471
tonlos,A,-0.8,1.578947368
tonne,N,-0.35,2.210526316
topfit,A,2.3,3.55
torheit,N,-1.3,3.111111111
torkeln,V,-0.6,3
torpedo,N,-1.7,3.5
torte,N,1.6,2.45
tortur,N,-1.65,4.055555556
tot,A,-2.5,4.166666667
tote,N,-2.6,4.176470588
töten,V,-2.705882353,4.433333333
tourist,N,-0.2,2.222222222
toxisch,A,-1.8,3.631578947
tracht,N,-0.6,1.684210526
trachten,V,-1.2,3.263157895
tradition,N,0.176470588,2.421052632
trage,N,-0.45,2.555555556
tragen,V,0.117647059,1.894736842
tragik,N,-1.15,3.684210526
tragisch,A,-2.1,3.833333333
traktor,N,0.27,2.77
trampel,N,-1.2,3
trance,N,-0.1,2.6
träne,N,-0.617647059,3.789473684
traube,N,1.4,1.555555556
trauer,N,-2.1,3.647058824
trauern,V,-2,3.055555556
traum,N,1.5,2
trauma,N,-2.05,4.411764706
traurig,A,-2.1,2.833333333
trauring,N,0,2.888888889
trauung,N,1,2.944444444
treffen,V,1,2.684210526
treffer,N,1.9,3.142857143
treiben,V,-0.088235294,2.785714286
trend,N,0.5,2.666666667
trennen,V,-1.5,3.571428571
trennung,N,-1.7,4.294117647
treppe,N,0.05,2.36
tresor,N,1,2.91
treten,V,-1.117647059,2.631578947
treu,A,2.2,2.333333333
treue,N,2,2.555555556
treulos,A,-2.1,2.421052632
triangel,N,0.27,2.05
trieb,N,0.1,4.105263158
triefen,V,-0.911764706,2.315789474
trinken,V,1.424242424,2.523809524
trist,A,-1.8,2.65
tritt,N,-0.9,2.842105263
triumph,N,2,3.875
trommel,N,0.27,3.23
tropen,N,1.2,2.789473684
tropfen,V,-0.4,2.055555556
tropisch,A,1.2,2.947368421
trost,N,1.4,2.157894737
trostlos,A,-2.1,3.333333333
trotz,N,-0.823529412,3
trotzig,A,-1.1,3.263157895
trug,N,-2,2.833333333
truhe,N,0.85,2.142857143
trunken,A,-0.2,2.888888889
truppe,N,-1.352941176,3.333333333
tugend,N,1.4,2.421052632
tulpe,N,1.55,1.647058824
tumor,N,-2.7,4.5
tumult,N,-1.1,3.95
tunnel,N,-0.7,2.210526316
turban,N,-0.32,2.41
turm,N,0.27,2.64
tuscheln,V,-1.3,3
typhus,N,-2,3.388888889
tyrann,N,-2.6,3.80952381
übel,N,-1.823529412,3.611111111
übelkeit,N,-2,3.210526316
üben,V,0.382352941,2.476190476
überfall,N,-2.1,4
übergeben,V,-0.588235294,2.157894737
übergehen,V,-0.970588235,2.473684211
überlegen,V,0.735294118,2.105263158
übermut,N,-0.1,3.722222222
übernahme,N,-1,2.368421053
übersehen,V,-0.823529412,1.842105263
überwinden,V,0.970588235,2.789473684
überzeugen,V,0.5,2.952380952
uferlos,A,-1.3,2.736842105
uhr,N,0.088235294,1.789473684
umarmen,V,2.2,2.722222222
umbruch,N,0,3.5
umfang,N,0.15,2.35
umringen,V,0,2.777777778
umsatz,N,0.088235294,2.722222222
umsicht,N,1.5,1.764705882
umsonst,A,0.4,1.894736842
umsorgen,V,1.5,2.333333333
umsturz,N,-1,3.095238095
umtrunk,N,1.3,2.777777778
umweg,N,-1.05,3.052631579
unart,N,-1.4,3.055555556
unbefugt,A,-1.2,3.052631579
unbequem,A,-1.6,3.111111111
undank,N,-1.8,3.111111111
unding,N,-1.2,2.777777778
unfair,A,-2,2.947368421
unfall,N,-2.35,4.238095238
unfriede,N,-2.2,3.277777778
unfug,N,-0.2,3.388888889
ungeahnt,A,-0.1,2.833333333
ungeduld,N,-1.1,3.444444444
ungeheuer,N,-1.617647059,3.428571429
ungesund,A,-1.7,2.368421053
ungnade,N,-1.7,3.333333333
unheil,N,-2.15,4.529411765
unkosten,N,-1.7,3
unkraut,N,-1,1.857142857
unlust,N,-1.6,2.705882353
unmensch,N,-2.5,3.941176471
unmut,N,-1.65,3.125
unnahbar,A,-0.6,1.947368421
unrat,N,-1.5,2.588235294
unrecht,N,-2.029411765,4
unruh,N,-1.2,3.578947368
unruhe,N,-1.3,3.421052632
unschuld,N,1,2.555555556
unsinn,N,-1,3.368421053
untat,N,-1.7,3.333333333
untergang,N,-1.852941176,3.866666667
unterton,N,-0.9,2.904761905
untier,N,-1.2,3.5
untreue,N,-2.7,4.285714286
unwesen,N,-1.6,3.277777778
unwetter,N,-1.2,3.777777778
urlaub,N,2.45,2.5625
urlauber,N,1.9,2.375
urne,N,-1.6,2.944444444
urteil,N,-0.15,3.222222222
urwald,N,1.35,2.611111111
vampir,N,-0.5,3.722222222
vanille,N,1.3,2.333333333
vater,N,2.1,2.666666667
vaterland,N,-0.352941176,2.368421053
vehemenz,N,-0.4,3.588235294
veilchen,N,1,2
ventil,N,0.45,2.578947368
venus,N,1.6,3
veranda,N,1.1,1.833333333
verändern,V,0.764705882,2.80952381
verarmen,V,-1.8,3.666666667
verband,N,-1.18,2.95
verbessern,V,0.941176471,2.894736842
verbieten,V,-1.558823529,3.238095238
verbinden,V,1.205882353,2.526315789
verbot,N,-1.8,3.285714286
verboten,A,-1.7,3.5
verbrechen,N,-2.029411765,3.571428571
verdacht,N,-0.7,3.476190476
verdanken,V,1.147058824,2.619047619
verderb,N,-2.1,3.5
verdienen,V,0.764705882,3.095238095
verdienst,N,0.941176471,3.052631579
verdreht,A,-1,2.315789474
verehrer,N,1.5,3.882352941
verenden,V,-2.3,3.714285714
verfahren,N,-0.558823529,2.607142857
verfall,N,-1.8,3.5
verfassung,N,0.176470588,3.047619048
verflixt,A,-0.9,3.526315789
verfolgen,V,-1.735294118,3.7
verfügen,V,-0.088235294,2.428571429
verfügung,N,-0.382352941,1.947368421
vergasen,V,-2.8,4
vergeben,V,0.2,2.368421053
vergehen,V,-1.382352941,3.142857143
vergessen,V,-0.970588235,2.904761905
verhaften,V,-1.823529412,4.1
verhältnis,N,0.617647059,3.052631579
verhindern,V,-0.647058824,2.157894737
verirren,V,-1.7,3.5
verkaufen,V,-0.617647059,2.428571429
verkehr,N,-0.235294118,3.222222222
verlangen,V,0.147058824,3.238095238
verlassen,V,-1.5,3.19047619
verlaufen,V,-0.529411765,3.047619048
verlegen,V,-0.411764706,2.238095238
verleihen,V,-0.176470588,2.142857143
verletzen,V,-1.941176471,4.033333333
verletzt,A,-1.8,3.944444444
verletzung,N,-1.911764706,3.642857143
verlieren,V,-1.558823529,3
verlies,N,-2,3.444444444
verloben,V,0.8,2.421052632
verlogen,A,-2.3,3.526315789
verlust,N,-2.2,3.476190476
vermeiden,V,-0.617647059,2.105263158
vermieten,V,-0.058823529,2.476190476
vermögen,N,1.323529412,2.888888889
vermuten,V,-0.1,2.277777778
vernichten,V,-1.970588235,3.523809524
vernunft,N,1.5,2.611111111
verrat,N,-2.4,4
verraten,V,-1.647058824,3.888888889
verruf,N,-1.65,3.578947368
versagen,V,-1.647058824,3.523809524
versager,N,-2.1,3.470588235
versehen,N,-0.411764706,2.529411765
versetzen,V,-0.676470588,2.631578947
versichern,V,0.529411765,1.947368421
versorgung,N,0.941176471,2.578947368
verstand,N,1.9,2.722222222
verstärken,V,0.882352941,2.578947368
versteck,N,-0.2,3.125
verstehen,V,1.735294118,2.842105263
versuch,N,0.2,2.555555556
verteilen,V,1.029411765,1.947368421
vertrag,N,-0.382352941,2.722222222
vertrauen,N,2.205882353,3.526315789
vertraut,A,1.9,1.611111111
vertreten,V,-0.088235294,2.105263158
vertreter,N,-0.735294118,2.095238095
verwaist,A,-1.1,2.684210526
verwaltung,N,-1.117647059,2.523809524
verwandeln,V,1.147058824,2.368421053
verwandt,A,0.4,1.944444444
verwegen,A,0.6,3.842105263
verweigern,V,-0.911764706,3
verweint,A,-1.6,2.578947368
verweis,N,-1.5,3
verweisen,V,-0.411764706,2.428571429
verwesen,V,-2.2,3.105263158
verzehr,N,0.4,2.444444444
verzicht,N,-1.3,2.944444444
verzichten,V,-1.147058824,2.619047619
veto,N,-0.6,2.684210526
villa,N,1.4,2.555555556
virus,N,-2.15,4.052631579
visum,N,-0.05,2.888888889
vital,A,2.2,2.9
vitamin,N,1.8,2.222222222
vogel,N,1.2,2.444444444
volk,N,0.147058824,2.333333333
vollmond,N,1.6,2.4375
vollziehen,V,-0.323529412,2.263157895
vorbau,N,0.5,2.368421053
vorbild,N,1.1,2.777777778
voreilig,A,-1.2,2.842105263
vorfall,N,-0.5,3.111111111
vorhaben,N,0.970588235,2.789473684
vorkommen,N,0.176470588,2.052631579
vorliebe,N,1.4,2.444444444
vormund,N,-0.6,2.157894737
vornehm,A,0.9,2.263157895
vornehmen,V,0.647058824,2.523809524
vorrat,N,1.25,2.055555556
vorschlag,N,0.911764706,2.904761905
vorsicht,N,0.2,4.058823529
vorsorge,N,1.4,2.166666667
vorspiel,N,1.9,4.117647059
vorstand,N,-0.941176471,2.052631579
vorstellen,V,1.558823529,2.526315789
vorteil,N,1.8,2.75
vortrag,N,0,2.333333333
vorwand,N,-0.8,2.952380952
vorwurf,N,-1.8,3.380952381
vorzug,N,0.9,2.476190476
vulkan,N,0.2,3.684210526
waage,N,0.4,2.166666667
wabe,N,0.32,2.41
wache,N,-0.7,2.315789474
wachsam,A,1.1,3.421052632
wachsen,V,1.264705882,2.333333333
wachstum,N,1.6,2.588235294
waffe,N,-2.35,4.238095238
waffel,N,1.95,2.27
wagemut,N,1.1,3.333333333
wagen,N,1.058823529,2.111111111
wagnis,N,0.4,3.947368421
wahl,N,0.117647059,2.777777778
wählen,V,0.058823529,2.631578947
wahllos,A,-0.8,2.684210526
wahn,N,-2.3,3.833333333
wahnsinn,N,-1.7,4.111111111
wahren,V,0.558823529,1.964285714
wahrheit,N,2.5,3
waise,N,-1.85,3.105263158
wald,N,1.5,2.166666667
walnuss,N,0.86,1.86
walzer,N,1.05,2.315789474
wand,N,-0.264705882,1.944444444
wandern,V,0.2,2.3
wange,N,1.2,1.666666667
wanne,N,1.15,1.666666667
wanze,N,-1.3,3.444444444
warm,A,2.2,2.166666667
warnen,V,-0.2,4
warnung,N,-0.3,3.555555556
warterei,N,-1.7,2.777777778
warze,N,-1.8,3.105263158
wasser,N,1.55,1.833333333
watte,N,1,1.7
weber,N,0,1.722222222
wecken,V,-0.6,2.947368421
wecker,N,-1.64,3.59
weg,N,0.882352941,2.714285714
wegjagen,V,-1.7,4.052631579
wehklage,N,-1.9,3.411764706
wehmut,N,-1.1,3.5
wehr,N,-0.6,2.421052632
wehren,V,-0.176470588,3.8
wehrlos,A,-1.7,3.888888889
weiblich,A,1.9,2.888888889
weich,A,1.2,1.368421053
weichen,V,-0.764705882,2
weide,N,1.25,1.555555556
weigern,V,-1.2,3.578947368
wein,N,1.8,2.333333333
weinen,V,-0.882352941,3.777777778
weise,A,1.8,2.1
weisen,V,0.382352941,2.19047619
weisheit,N,2.3,2.176470588
weit,A,0.5,2.263157895
weite,N,1.4,2.222222222
welken,V,-1.5,2.35
welle,N,1.65,3.055555556
welpe,N,1.95,2
welt,N,1.9,2.888888889
weltall,N,0.8,3.315789474
weltfern,A,-1.3,2.157894737
weltkrieg,N,-2.823529412,4.619047619
weltruhm,N,1.8,3.705882353
wenden,V,0.294117647,2.095238095
wenig,A,-0.9,1.526315789
werbung,N,-0.5,2.941176471
werfen,V,-0.205882353,1.904761905
werk,N,0.676470588,2.473684211
wert,N,1.058823529,2.5
wertlos,A,-1.4,2.421052632
wertvoll,A,1.9,2.611111111
werwolf,N,-1.7,3.777777778
wespe,N,-1.2,3.5
weste,N,-0.09,1.91
wetten,V,0.6,3.052631579
whisky,N,0.4,2.666666667
widerstand,N,0.205882353,3.210526316
widmen,V,1.147058824,2.105263158
wiege,N,1.1,1.277777778
wiese,N,1.55,1.411764706
wille,N,1.7,3.25
willen,N,1.235294118,2.944444444
wind,N,1.264705882,2.333333333
winseln,V,-1.7,2.631578947
winter,N,0.323529412,2.055555556
wippe,N,1,2.82
wirken,V,0.941176471,2.473684211
wirkung,N,0.6,2.368421053
wirrnis,N,-1.6,3.444444444
wissen,N,2.029411765,2.666666667
witwe,N,-1.35,3.333333333
witwer,N,-1.35,2.894736842
woche,N,0.15,1.944444444
wochenende,N,2.382352941,3.684210526
wodka,N,-0.1,3
wohltat,N,1.8,1.75
wohnen,V,1.411764706,1.964285714
wohnheim,N,-0.4,2.529411765
wohnung,N,1.1,2
wolke,N,1,1.888888889
wolle,N,0.9,2
wollen,V,0.764705882,2.523809524
wollust,N,1.1,3.722222222
wonne,N,1.85,2.263157895
wort,N,0.764705882,2
wortkarg,A,-0.9,1.631578947
wuchern,V,-1.6,3.529411765
wucht,N,-0.3,4.05
wunde,N,-1.75,3.882352941
wunder,N,1.85,3.625
wundern,V,-0.1,2.833333333
wunsch,N,1.6,2.45
wünschen,V,1.529411765,3.263157895
würdigen,V,1.176470588,2.894736842
würfel,N,0.45,2.82
wurm,N,-1.36,2.73
wurst,N,0.5,2.45
yacht,N,1,2.578947368
zaghaft,A,-0.8,1.473684211
zahl,N,0.058823529,2.222222222
zahlen,V,-0.558823529,2.35
zählen,V,0.117647059,1.933333333
zahlung,N,-0.7,3.047619048
zahm,A,0.5,1.368421053
zahn,N,-0.5,2.73
zahnarzt,N,-1.5,4.117647059
zange,N,-0.6,2.105263158
zank,N,-1.6,3.444444444
zäpfchen,N,-1.77,3.73
zart,A,1.7,2.222222222
zauber,N,1.55,3.555555556
zauberei,N,1.4,3.388888889
zauberer,N,1.4,3.5
zaubern,V,1.4,2.607142857
zaudern,V,-1,2.473684211
zebra,N,1.09,2.82
zeche,N,-0.9,2.421052632
zeigen,V,0.588235294,2.238095238
zeitlos,A,0.4,2.166666667
zeitnot,N,-1.9,3.611111111
zeitung,N,0.6,2.571428571
zelle,N,-0.95,3.19047619
zensur,N,-1,3.7
zerfall,N,-1.6,3.3125
zerlegen,V,-0.2,2.736842105
zerlumpt,A,-1.9,2.944444444
zerrung,N,-1.8,3.444444444
zerstören,V,-2.529411765,3.928571429
zettel,N,0.5,2.111111111
zeuge,N,0.05,2.722222222
zeugin,N,0,3.352941176
zeugnis,N,-0.6,3.380952381
ziege,N,0.6,1.952380952
ziegel,N,0.41,2.09
ziehen,V,-0.294117647,1.842105263
ziel,N,2,3.055555556
ziellos,A,-1.6,3
zierlich,A,0.3,1.888888889
zigarette,N,-0.882352941,3.238095238
zigarre,N,-0.2,2.611111111
zimmer,N,1.05,1.666666667
zins,N,-0.5,2.666666667
zirkus,N,0.85,2.857142857
zitat,N,0.6,2.476190476
zitrone,N,0.8,2.789473684
zittern,V,-1.5,3.555555556
zögern,V,-0.852941176,2.761904762
zoll,N,-0.8,2.368421053
zopf,N,0.77,2.18
zorn,N,-1.8,4.117647059
zornig,A,-1.4,4.210526316
zufall,N,0.7,2.464285714
zuflucht,N,1.2,2.777777778
zugabe,N,1.5,2.941176471
zugeben,V,0.6,2.333333333
zuhause,N,2.5,1.882352941
zujubeln,V,1.6,3.166666667
zukunft,N,2.2,3.705882353
zulassen,V,0.617647059,2.80952381
zunehmen,V,-1.235294118,3.19047619
zunge,N,0.9,2.904761905
zusage,N,1.6,2.588235294
zustand,N,0,2.1875
zustimmen,V,0.970588235,2.473684211
zustimmung,N,1.205882353,2.526315789
zwang,N,-2.1,4.15
zwanglos,A,1.1,2.421052632
zweck,N,-0.176470588,2.222222222
zwecklos,A,-2,2.210526316
zweifel,N,-1.5,3.095238095
zwieback,N,0.36,1.77
zwiebel,N,-0.73,2.77
zwingen,V,-2.088235294,3.833333333
zwist,N,-1.3,3.85
zylinder,N,-0.18,2.14
zynismus,N,-1.1,3.833333333
